7664,Gold Spring
7666,Sleep Number
7748,Verizon Data Service
7750,Verizon Wireless
7775,McGriff Seibels & Williams
7778,Relational Investors
7782,Cuningham Group
7788,Sears Holdings
7797,Petoskey Plastics
7802,Helix Education
7811,RSM McGladrey & Pullen
7812,Ervin Cable Construction
7816,Dallas Stars
7821,Heritage Development Organization
7822,Lord Abbett
7828,National Research Center for College University Admissions (NRCCUA)
7834,T & T Data Solutions
7836,Image Sensing Systems Inc
7839,Credit Suisse - Chicago
7856,Red Hat
7866,Coldwell Banker Burnet
7867,"Jewett, Schwartz & Associates"
7871,American Electric Power
7887,National Data Research
7893,Chiquita Brands International
7899,Company 3
7900,Tower Records
7911,Mohawk Industries
7920,McGuireWoods
7921,MillerCoors
7931,Ventahood
7932,"AMB Group, LLC"
7934,Ballard Power Systems
7953,Smith & Associates
7964,Samsonite Corporation
7966,Leanin Tree
7967,Big Lots Inc.- BizRide
7989,"Wells Fargo Insurance Services - Charlotte, NC"
7996,"BlackRock, Inc. - Santa Monica"
8000,Genuine Parts Co.
8002,Global Technology Investments
8007,Wells Fargo
8012,Bell Canada - Quebec
8017,Highwoods Properties
8026,Morrison Management Specialists
8040,Screenvision
8050,"Plato Learning, Inc./Edmentum Inc."
8060,Future Electronics
8061,Equifax
8062,Second Curve Capital
8069,Center for Biomedical Continuing Education
8078,LexisNexis
8084,Beauty Systems Group
8115,Sensient
8117,Lesco Inc.
8118,Coverall Cleaning Concepts
8125,"Thermo Fisher Scientific, Inc."
8131,"Motorola Solutions, Inc."
8136,Beta Business Capital
8140,CPI Canada
8149,Whayne Supply
8156,Neiman Marcus
8185,Acuity Brands
8197,North Highland Company
8207,CBRE - Dallas
8208,Unbridled Solutions
8222,National Review Institute
8229,Enterprise Social Invest Corporation
8237,Tempur Sealy
8258,C.H. Robinson Worldwide
8277,Ascension
8278,Taco Bell Yum
8280,Mercer University
8287,Fruit of the Loom
8294,DoNotUse/Executive Travel & Parking
8301,SITE Centers
8310,ANDMORE
8316,Purdue University
8323,Grant Thornton - Kansas City
8334,Target Corporation/Springfield PA
8351,GSD&M Advertising
8353,Suntrust Robinson & Humphreys
8354,Cobalt Ventures
8356,ScionHealth
8359,Gartner DO NOT USE
8365,Kansas City Chiefs
8398,Krause Group
8400,Xerox Southwest
8404,iHeartMedia Holdings - San Antonio
8407,PNC Bank Corporate
8408,Anthem Venture Partners
8410,Dean Foods
8411,Caremark Rx Inc.
8414,Kansas City Royals
8415,Morgan Stanley - Palo Alto
8418,Dana Limited (Dana Holding Company)
8441,Rasmussen Group Inc.
8452,Beasley Allen
8457,Avery Dennison
8459,Broadcom (See Avago Technologies)
8460,Unlimited Group America
8461,John Paysinger
8470,"Heidelberg USA, Inc."
8474,Revlon
8476,Ventas
8490,G.A.M.A.-General Aviation Manufacturers Association
8505,Prostate Cancer Foundation
8515,Amicus Therapeutics
8531,XL Group
8537,Piper Sandler - NY
8541,Aegis Communications Group
8544,Berthel Fisher & Company
8550,Zolfo Cooper
8552,Continental Advisors
8558,"Pittco, Inc."
8561,Interwest
8568,Gildan Activewear
8572,Fremont Investment and Loan
8573,Factory Motor Parts
8583,Hooters of America
8592,Western Reserve Group
8608,Travis Tritt Inc.
8613,The Arras Group
8614,Natoli Engineering
8616,Boeing DCMA
8625,"PSEG, Inc."
8630,"Dave & Buster's, Inc."
8635,STL Sports Management
8640,Baxter Healthcare Corporation
8646,Travelink
8650,Letica Corporation
8658,Caleres
8660,Cramer-Krasselt
8674,Bace Motorsports
9814,"Houlihan, Lokey, Howard, and Zukin - Atlanta"
9819,Taro Pharmaceuticals
9828,"Hartmarx Corporation "
9831,Modine Manufacturing Co.
9832,PwC
9834,The Curry Rockefeller Group
9838,Xanodyne Pharmaceuticals Inc.
9840,CH2M Hill
9858,Roadrunner Records Inc
9860,Piper Sandler Asset Management
9862,A.R.E.
9866,Webb Mason
9867,Special Services Corporation
9868,Ashford Advisors
9870,Adams & Reese
9871,Advanced Business Fulfillment
9873,McLean & Company
9875,The Geo Group
9876,"Bernstein-Rein Advertising, Inc."
9878,LeGrand North America
9882,EMC Corporation
9887,Jet Services
9904,Washington Wizards Basketball
9911,Michelle's Destinitions Unlimited
9917,Abbott Laboratories
9919,Mercer Advisors
9924,Harris Corporation
9947,"Vision Consulting, Inc."
9954,Orient Express
9957,Capital Group
9966,Asta Funding
9967,Conmed Corporation
9969,"Master Travel Inc. "
9972,Los Angeles Lakers
9978,"Ortronics, Inc."
9985,Anchor Glass Container Corporation
9987,Headwaters Incorporated
9992,MLB
9994,N200CV
9999,Vector Group
10001,Meritage Holdings
10011,West Africa Management
10015,Travel Organizers
10017,Pacers Sports & Entertainment
10030,Travel Leaders/Florida
10032,Aegion Corporation
10046,Contact Planning
10051,Rocky Mountain Business Travel Association
10052,West Pharmaceutical Services Inc
10054,Fayez Sarofim & Co.
10057,Integrated Flight Resources
10064,Monsanto
10068,Altana Pharma U.S.
10074,CoreCivic
10077,Teva Neuroscience / NY
10080,Bowling Green State University
10087,TD Bank Group
10089,"Telephone & Data Systems, Inc."
10090,American Water
10092,Tandus
10093,Altour International - LA
10096,"Trader Publishing  "
10099,Halliburton
10101,Scana Corporation
10103,"The American Academy Of Family Physicians "
10108,Harrison Group INC
10110,Aeroflex Incorporated
10116,Beam Suntory
10118,The Cordish Companies
10120,Incyte
10125,Mills & Partners
10131,Newly Weds Foods
10132,Steve Madden
10135,Tudor Investment Corporation
10137,MacDermid Incorporated
10142,X-Rite
10143,"McWane, Inc."
10147,Novar Controls
10148,"The Professional Education Group, Inc"
10155,Textron
10160,Soliton LLC
10172,Portland Trail Blazers
10176,"Kinsley & Associates, LLC"
10178,San Antonio Spurs
10180,"The Gores Group, LLC"
10184,Brazeway Inc.
10188,Vodafone
10191,Voyager Sopris Learning
10192,"Beecken, Petty & O'Keefe"
10193,GKN Aerospace
10202,W and W Public Relations
10215,"Comstock Valuation Advisors, Inc."
10217,Alliance Resource Partners
10218,Huffman Auto Group
10223,Paul Allen
10230,HealthMarkets
10239,JM Family Enterprises
10242,Abarta
10252,New test account
10254,CDW
10258,Komar Inc
10260,Synergetics (division of Bausch & Lomb)
10262,"Nix & Associates, Inc."
10272,Stillpoint Development
10273,Perrigo Company
10274,Resource America
10276,LEAF Financial Corporation
10280,Adams Outdoor Advertising
10281,James Bruty
10283,New York Yankees
10293,Carnival Corporation - Fathom Travel
10297,Jefferies - New York
10303,Teva Neurosciences/Horsham
10304,Baere Aerospace
10313,Galderma
10330,Walbridge Aldinger Company
10334,American Express/Toronto
10346,Attila Glatz Concert Productions Inc
10353,NACTA Email Quote
10356,"Abundance Wealth Counselors, LLC"
10360,Salem Law Group
10368,Cytokinetics
10396,CommGenix
10397,Studio Gang Architects
10413,Los Angeles Dodgers
10418,First Health Group Corp
10420,South Point Chevrolet
10422,Primary Care Education
10424,Lopez Foods
10426,Vestar
10427,FBS Travel Services
10430,"National Distributing Company, Inc."
10434,Lidestri Foods
10442,Sempra Energy
10445,"Cargill, Inc."
5920,"The Pantry, Inc."
5927,Trendway Corporation
5975,"Simon Property Group, Inc."
6023,Universal Forest Products (Use UFP Industries)
6044,Warrior's Boxing
6065,Johnson & Johnson
6092,ScotiaBank - Canada
6120,Ab Initio Software Corporation
6138,Flex-N-Gate Corporation
6167,RAS Enterprises
6189,HJ Heinz/VIP Desk
6222,Amadeus
6224,Strategic Staffing Solutions
6228,Mesirow Financial
6244,Rio Tinto Alcan
6252,Amherst Securities Group
6264,SPX Corporation
6299,Vinson and Elkins
6328,Orlando Magic
6330,Starbucks
6336,"ASE Group, Inc."
6344,"New Centaur, Inc."
6359,Oak Hill Advisors - NY
6385,"Polaris Industries, Inc."
6403,Buckeye Corrugated
6407,PGI
6420,Boeing Travel Management Company
6424,General Mills Headquarters
6440,HSBC North America
6442,CompTIA
6468,AgData Inc.
6474,Compuware
6486,Applebee's Int'l Inc.
6488,"LifeScan, Inc"
6490,Katun - BizRide
6545,Jerusalem Venture Partners
6589,Butler University
6595,Murphy Oil Corporation
6599,Tyson Foods Aviation
6600,Morningstar
6602,"Lockton Companies, Inc. - VIP Traveler"
6604,"P.F. Chang's China Bistro, Inc."
6614,KB Home
6615,"YUM! Brands, Inc."
6616,Penrod Company
6619,Safeway Insurance
6631,Select Medical/World Travel
6644,Investors Management Corp.
6681,Octagon Worldwide
6691,Lehman Brothers - Deal
6694,Acxiom Corporation
6699,Eli Lilly & Company
6705,Armstrong Holdings
6708,Koch Asset
6712,Amazon.com - Meetings & Events
6715,Technicolor
6768,Grundfos Pumps Corporation
6793,Creative Group
6891,iHeartMedia and Entertainment
6902,MLB Advanced Media
6903,"Supervalu, Inc."
6908,"Quest Diagnostics, Inc."
6916,McDonald's
6954,Biosound Esaote
6956,Kroll Factual Data Corp
6971,Lee Enterprises
6972,CSG Systems International
6985,U.S. Cellular-Tulsa
6986,Ripken Baseball Group
6992,HNI Corporation
6999,Wiley
7005,Consolidated Restaurant Operations Inc
7007,Ziff Brothers Investments
7009,RA Capital Advisors
7026,The Bama Companies
7032,York International
7036,Zero Variance
7043,BioMimetic Therapeutics (WRONG ACCOUNT)
7049,Live Nation
7072,Crossroads UK Ltd.
7077,U.S. Chamber of Commerce
7088,Careage
7098,Mid-America Group
7107,Roche Pharmaceuticals
7108,Southern Land Company
7111,Pepsi-Cola
7129,Mitsubishi International
7145,Live Nation - UK
7151,Kansas Foundation for Med. Care
7154,Operation Altitude
7158,Westrade
7160,"Steel Partners, Ltd."
7186,Bell Canada - Toronto
7191,Ed Miniat LLC
7193,"Minnesota Vikings Football, LLC"
7218,Carlson Wagonlit - Getinge
7220,Royal Gold
7226,"Citigroup, Inc."
7234,Cisco Systems
7271,Christian Dior
7287,LA Rams
7291,Gene Lindquist
7303,St. Luke's Medical Center
7317,Lazard - Minnesota
7321,Waddell and Reed
7323,Norton Rose Fulbright
7335,Cerner Corporation
7348,ABS Capital Partners
7352,Cordis
7359,Aventis Pharmaceuticals
7368,Meritage Homes Corporation
7393,Ruberry Stalmack & Garvey
7401,Cushman & Wakefield - NY
7402,Mutual of Omaha
7420,Charlotte Pipe and Foundry Company
7421,Advantage Travel (Kaleel Jamison Consulting Group)
7434,Interface
7437,Piedmont Hawthorne - Monroe
7459,D.P. Fox
7462,Steris Corporation
7468,Wachovia - Northern Atlantic
7488,SAS VIP
7491,Westmoreland Coal Co.
7492,"Meritor, Inc."
7509,Brown Brothers Harriman & Co.
7510,Anthem Inc.
7519,Unisys Corporation
7520,Appliance Development Corporation
7521,JP Morgan Chase
7532,Pretzel & Stouffer
7552,Household Finance Corporation
7556,Riskwise
7574,Yvonne Christopher
7582,Genoptix
7587,IP Capital Group
8680,Frazier Healthcare
8683,Panera Bread
8684,Atlantic Pacific Capital
8687,Sparks Refco
8689,Split Rock Partners - Eden Prairie
8692,Colyear Development Corp
8697,Colorado Rockies
8699,"Peco Foods, Inc."
8705,RAW Consultants Inc.
8722,Panera Bread - Boston
8737,Oshkosh Corporation
8741,O'Sullivan Industries
8743,Rush Enterprises
8745,Burrows Paper Corporation
8747,Pinnacle Care International
8750,Campbell Soup
8755,Karen Vantrease
8759,Eimerstahl
8760,Chromocell Corp
8769,Entrust
8771,Quality Distribution
8792,WBTV
8794,Aon
8795,McKesson/US Oncology
8799,Cardtronics
8802,LabCorp
8805,VF Corporation
8811,Insect Control & Research Inc
8822,Christopher & Banks
8824,Blue Cross Blue Shield of North Carolina
8840,Gables Travel
8841,FelCor Lodging Trust
8847,Kelso & Company
8852,Masco Corporation
8867,Daytona Beach & Halifax Area Chamber of Commerce
8877,Houlihan Lokey
8882,Travelmax
8886,Executive Travel/Bryan & Klein
8889,Evercore
8905,Thunderbird Airways
8916,ROHM Insurance Agency
8924,The Cheesecake Factory
8928,"Naegele Communications, Inc"
8932,H.E.E Corporation
8933,Acosta Sales & Marketing
8934,Cyber Optics
8937,Matrixx Initiatives
8939,Sprint Corporation
8944,Boeing-DC
8947,Phillips Foods
8951,Chandler Chicco Agency
8958,White & Johnson PC
8962,Physicians' Clinic of Iowa PC
8965,FPIC Insurance Group
8967,Ty Inc.
8968,Starkey Hearing Technologies
8977,Buffalo Wild Wings Grill & Bar
8979,"DSI Distributing, Inc."
8981,Alliant Energy
8982,Commercialization Center
8984,Belk
8993,"Royal Caribbean Cruises, Ltd."
8998,"NACCO Industries, Inc."
8999,Wilson Art International
9000,Gray Television
9001,"Honda R&D Americas, Inc."
9006,St. John & Partners Advertising & Public Relations
9015,Huntsman Corporation
9018,Kinetico Incorporated
9028,Naturally Fresh
9031,Cintas Corporation
9042,Roche Labs
9043,Perseus Group
9049,"Daiichi Sankyo, Inc."
9052,Elavon
9055,CitiMortgage Inc.
9063,Winthrop Financial
9072,Stifel Financial Corporation
9075,Davenport & Company LLC
9078,Baker & Hostetler
9080,Executive Visions
9081,Stride Rite
9089,Lincoln Property Company
9090,Marsico Enterprises
9092,Corbett Accel Health Care Group
9108,Alcoa - Pittsburgh
9112,"Drummond Company, Inc."
9122,"Harbert Fund Advisors, Inc."
9124,Pioneer Natural Resource Company
9125,Towson University
9130,Kenworth
9131,Pampered Chef Ltd.
9132,Flowserve Corporation
9136,Egon Zehnder International - DO NOT USE
9140,Global Indemnity (GBLI)
9142,Performance Contracting
9148,Chicago Growth Partners
9149,Lumen Technologies - Louisiana
9152,Artromick Inc.
9153,Apache Inc
9154,The Leifer Group
9155,Build-A-Bear Workshop
9156,Trammell Crow - Atlanta
9160,Ohio State University
9165,SAG-ASAG-AFTRAFTRA
9167,Squire & Sanders LLP
9174,RPM Nautical
9177,Epic Systems - BizRide
9181,"Schneider National, Inc."
9185,Barclays Capital
9217,Dollar General
9219,Allegheny Energy
9220,Aviation Services Group
9221,Safariland
9222,Jabil Circuit
9224,Veradigm
9232,World Wide Technology
9233,Outsource Events
9235,EMG-Warner Music
9237,Electronic Evolutions
9238,JP Orleans Development
9241,Armstrong Teasdale
9248,"Bitzer US, Inc."
9250,Raytheon Company
9254,CGI Pharmaceuticals
9257,"Kirkpatrick, Pettis, Smith, Polian Inc."
9258,National Beverage Corporation
9267,"TISMA, Inc."
9268,Genentech
9272,Equity Resources
9273,TLC Laser Eye Centers
9276,United Freight
9285,Professional Education Services Group
9290,The Taubman Company
10446,Energizer Battery Company
10448,J. Williams Cars
10450,Berkshire Partners
10451,Chicago WNBA
10454,"Toys""R""Us, Inc"
10463,The Sterling Group
10467,MC2 Atlanta
10468,Tenneco LLC.
10469,Huntleigh McGehee
10473,Lewis Operating Corp
10482,EMJ Metals
10490,Sentrus
10491,Entergy Flight Department
10493,Plan Express Inc.
10497,E & J Gallo
10500,Vantage Point
10503,Wright Entertainment Group
10511,McKellar & Co.
10512,Richard Fairbank
10518,Raley's
10519,Paper Partners Inc
10527,MGA Entertainment
10537,Henry Ford Health System/Healthcore
10538,GNC Holdings LLC
10540,Personal Management Consultants
10561,Jennifer Jefferson
10565,Stuart Family Land & Cattle
10566,Atria
10568,Villains
10569,Falcon Investment Management
10570,"Merrick Ventures, LLC"
10572,"sanimax, LLC"
10573,Overland Travel
10574,Thompson Tractor Company
10578,"Interline Brands, Inc."
10582,Gibson Guitar Corporation
10585,Stark Automotive Group
10593,Family Dollar Stores
10596,McCombs Enterprises
10602,DBM Global
10605,Bickel & Brewer
10608,Shell Oil - TQ3 Navigant
10610,EnCap Investments
10611,Crown Equipment Corporation
10617,Symbion Inc.
10622,VeriTeQ
10623,EFI
10625,Nexstar Media Group
10627,RFE
10636,Atomic Capital LLC
10637,The Silverman Companies
10643,Centre Partners Management LLC
10645,Electronic Arts - Canada
10654,NTS Corporation
10658,Aramark Corporation
10664,Arandell Corporation
10670,KeyBanc Capital Markets
10672,Avnet Inc.
10673,Orange Park Travel
10674,Brooks Brothers
10686,Tampa Palms Travel World
10687,Quigley Corp.
10692,"GKN Sinter Metals, Inc."
10702,Berwind Corporation - HQ
10705,TruArc Partners
10711,Pittsburgh University
10718,Maccabee Group
10719,"Goldcorp, Inc. DO NOT USE **"
10720,Bayoil Aviation
10724,Astellas
10726,Moreland Mgt. Co.
10728,SWBC
10732,Pool Corporation
10735,Pitney Bowes - Philadelphia
10736,The Event Group
10737,Pershing
10739,Jefferson Development Group
10744,CME Outfitters LLC
10749,Atlantic Coast Yacht Charters
10751,Janus Henderson
10752,"Draper, Fisher & Jurvetson (DFJ)"
10760,Emily's Adventure LLC and Travel Planners International
10762,Deanco Auto Auction
10764,Jones Lang LaSalle - Chicago
10770,Southeast Frozen Foods
10778,CareTech Solutions Inc
10789,"Well Fargo Investments "
10790,Executive Travel/ EFL Associates
10791,Wells Fargo Investments
10792,Resources Global Professionals
10795,PwC - Meetings and Events
10796,SouthEast Marketing
10797,Guerbet
10798,National Life Insurance Company
10799,CKE Restaurants
10800,Sirva Inc./PwC
10802,CGI Information System Management
10804,National Sorority of Phi Delta Kappa
10805,Chicago Bulls
10806,Mount Vernon Mills
10811,Community Newspaper Holdings
10823,Zozzaro Brothers Inc.
10824,Penske Automotive Group
10825,Palomar Ventures
10826,Moonrings
10827,Rivervest Venture Partners
10829,Cooper Industries
10832,Apache Aviation
10836,Advanced Aircraft Charters
10839,Parthenon Capital
10846,"Loomis, Sayles, & Co. L.P."
10847,Puma AG
10849,ITC Holding Corporation
10860,Ryder System
10862,Loews Corporation
10864,Sirva Inc.
10865,Hunton & Williams Law Firm
10869,Icore
10872,Smith Graham & Company
10876,Central Garden and Pet Company
10877,Bosch Corporation
10878,"DENSO International America, Inc."
10879,Corporate Travel Council
10880,River Deep
10892,Progressive Insurance
10898,Viacord
10900,Durango Travel Services
10902,S & H Travel
10903,AACSB International
10906,Moog Inc.
10908,Burger King Corporation/Meetings & Events
10912,University Of Iowa - Pediatrics
10914,Dragon Rouge
10918,Research to Practice
10921,DTE Energy
22182,Valley Wholesale Drug
22194,PPA International
22196,Channel Music Group
22198,NorthMarq Capital
22220,Expedia Corporate Travel/HSBC
22234,Sedgwick CMS (DNU see 487167)
22242,Verizon (Master Account)
22244,Greenfield Partners
22248,Tacala LLC
22274,Cleveland Clinic
22290,Omnicom Group
22294,Healthy Companies International
22302,Stiefel Laboratories
22306,Deflecto Corporation
22312,iHeartMedia - Dallas
22336,Ideo
22338,Isensix
22340,Zale Corporation
22348,DUP - Georgia Pacific
22354,Rhea & Kaiser Marketing
22356,Endeavour Financial
22362,IQVIA Corporate
22364,DO NOT USE New Orleans Saints/Pelicans
22374,Hawaiian Telcom
22380,The Milestone Group
22384,PRN Corporation
22392,Vulcan Materials Company
22396,NBT Bancorp
22402,The Blackstone Group
22430,JWT - New York
22440,"L.L. Bean, Inc."
22446,American Bar Association
22454,Constellation Brands Inc.
22470,LSI Logic
22482,Rodale
22488,"Stuntz, Davis & Staffier"
22490,Lindsay Corporation
22492,"Claire's Stores, Inc"
22504,Poag & McEwen Lifestyle Centers
22512,New Harbor Capital
22514,Sonenshine Partners
22522,R.J. O'Brien
22526,National Business Aviation Association
22530,NFL Players Association
22540,Graham Packaging Company
22542,USE ACCT 27267 Blue Cross Blue Shield - New Mexico
22548,Spectra Marketing Systems Inc.
22552,Westpac Banking Corporation
22572,Princeton University
22584,Tulane University
22586,Hub International
22590,Richardson Aviation
22598,Boston Scientific (FKA American Medical Systems)
22600,TD Ameritrade
22610,TXI Corporate
22634,Zimmerman Advertising
22640,Eaton Corporation
22642,Cabot Corporation
22646,Five Star Alliance
22648,Nemours Foundation
22664,HPSI Online
22668,Ross Stores
22688,Egenera
22704,Lucasfilm
22706,Renaissance Financial
22710,Advanced Studies in Medicine
22712,TXU Energy
22758,Beauward Shopping Centres Ltd
22776,Texas Monthly
22786,Nielsen
22800,Sage Software
22814,Daytona International Speedway
22820,Cleveland Cavaliers
22828,Latham & Watkins LLP
22840,GreatAmerica Financial Services
22852,Cubic
22860,TriZetto Corporation
22862,Grant Thornton - Dallas
22866,Starz Entertainment Group
22870,Solomon Mccown
22872,Prologis
22874,Vulcan Capital
22880,Prysmian Group
22888,Knowles Corporation
22894,Schiff Nutrition
22914,Consumer Capital Partners
22916,ResMed
22928,Tolleson Wealth Management
22930,Hall Group
22942,Advocate Christ Medical Center
22948,Burlington Northern Santa Fe
22950,Mazama Capital Management
22970,Live Nation- DC
22996,Starizon
23006,The Scotts Miracle-Gro Company
23020,The NutraSweet Company
23028,Stiles Machinery
23030,Campbell Marketing
23034,Texas Roadhouse Corporation
23040,Alliance Healthcare Services
23058,"Premier, Inc."
23076,Dale Lee Distributing
23098,"Brant Industries, Inc."
23102,Boeing Commercial Airplanes
23106,"Altadis USA, Inc."
23114,Veterans Travel Service
23118,Bretford Inc.
23130,AES Corporation
23140,Kosmos Energy
23150,WGSN
23158,Consolidated Investment Group
23160,Direct Travel/Big Machine
23168,Hilco Global
23172,Ampersand
23178,Louisiana-Pacific Corporation
23200,Cosi Inc
23202,Orora North America
23204,Crescent Real Estate
23206,Target Corporation - Corporate
23220,Crist Kolder Associates
23228,EDSA
23232,Data Builder Inc
23238,Ligon Industries
23242,Children's Aid Foundation
23248,Oppenheimer & Co. Inc.
23254,Doppelmayr CTEC
23256,New Balance
23276,Ferrellgas
23282,NJK Holdings Corporation
23294,Radar Partners
23304,"Lockridge, Grindal, Nauen"
23308,Taylor Companies
23318,Live Nation - CA
23322,CGI-Fairfax
23332,Devon Energy
31,"Leggett & Platt, Inc."
87,Harbor Group
151,Bausch & Lomb
221,Evoke Communications
305,The Williams Companies
363,Protective Life
384,Principal Financial Group
402,Meredith Corporation
423,Rembrandt Venture Partners
448,Casino Data Systems
490,Gulfstream Aerospace Corporation – Corporate HQ
551,Crown American Hotels
555,William Leavitt
636,Sabre Holdings
683,Travelocity
714,Goldman Sachs
729,GN Nettest
733,Bread Financial
751,Nottingham Company
752,News America Marketing
769,Walt Disney Theatricals
771,Potash Corporation
774,Pfizer Inc.
788,IBP
809,Autoliv
810,National Charter Network Inc
821,Hallmark
838,Colony NorthStar (Colony Capital)
853,Spotlight 29
903,Hewlitt-Packard
972,Avanade
1035,Tempel Steel
1042,Intel Corporation
1097,Tallan
1111,"Valmont Industries, Inc."
1153,William Blair
1178,Ayers Saint Gross
1191,Csedrik Communications
26107,Hertz Corporation
26111,Caltius Capital Management
26119,Terlato Wine Group
26125,Brunswick Corporation
26133,CommVault
26135,Cypress Semiconductors
26159,Boston Pizza International
26177,Dun & Bradstreet
26183,First Canadian Title
26185,MillerKnoll
26205,Becton Dickinson and Company
26217,Vision Sciences
26235,Deloitte & Touche-Dallas
26237,DATA Communications Management
26243,Boston Properties
26259,Hilco Real Estate
26267,TMS Health
26269,Greenhill & Company
26271,KPMG - Indianapolis
26275,Keg Restaurants Ltd.
26285,WhiteWave Foods
26289,RTC Relationship Marketing
26297,Merchandise Mart Properties
26301,Jefferson Capital Partners
26321,Navigant Consulting
26323,Healthcare Ventures
26331,Marquette Basketball
26333,"ITOCHU International, Inc."
26339,DST- Kansas City
26343,PALIO
26355,"Ocean Spray Cranberries, Inc."
26361,Art Van Furniture
26363,Boston Properties/MA
26365,U.S. News and World Report
26383,Western Growers
26387,Big Rock Partners
26391,Astatine Capital Partners
26399,Jefferies
26401,Vestor Partners
26411,ThinkPanmure
26413,Corinthian Colleges
26429,"CBIZ Miller Wagner, LLC"
26431,"Availity, L.L.C."
26435,Palatin Technologies
26437,Healthedge Investment Partners
26439,Kelley Kronenberg
26443,"Trump Entertainment Resorts "
26453,Alpine Access Inc.
26461,"NFI Industries, Inc."
26469,Hollander Home Fashions
26485,NGN Capital
26493,Foundation Capital
26495,CCMP Capital
26499,TD Synnex
26505,Great Southern Bank
26507,Marvin Lewis Community Fund
26515,"Ami Rushes Ministry, Inc."
26533,Pinnacle Peak Advisors LLC
26539,Pacific Western Bank  SEE PacWest Bancorp
26555,"Omninet Capital, LLC"
26561,Blattner Brunner
26581,Westwood Holdings
26627,"Intermex Wire Transfer, LLC"
26633,"Cambridge Integrated Services Group, Inc."
26637,"SYSCO Food Services of Metro New York, LLC"
26645,HearthStone Homes
26649,"Henry Schein, Inc"
26655,Scudder Law Firm
26671,"7-Eleven, Inc"
26677,Gibraltar Industries
26685,LaPolt Law
26689,Mayer Brown Rowe & Maw LLP
26695,"Dunn, Carney, Allen, Higgins & Tongue"
26703,Rumsfeld
26709,Leonard Green & Partners
26711,The Trevor Project
26725,Spencer Gifts
26727,"Island Capital Group, LLC"
26729,Fidelity Investments
26731,Newstone Capital Partners
26737,Magellan Health Services
26739,Alan Goldberg - Personal Account
26743,DUP - DONT USE Upfront Ventures
26749,Solutia
26755,"Entegris, Inc"
26757,Grohe
26759,Maddocks Douglas
26775,CMM Global
26777,Lanier Law Firm
26781,Cramer
26785,Dialogic Corporation
26787,"Nelson, Mullins, Riley & Scarborough"
26795,The McCart Group
26807,Kal Tire
26809,VSA Partners
26819,Sitrick And Company
26831,Value Drug Company
3246,Qwest Communications
3249,Metro PCS
3266,Johns Hopkins
3362,Austin Resources Corp
3386,Nestle
3404,CBS Interactive
3429,Structure Tone Inc.
3430,Stanford University
3452,Goldman Sachs / Dallas
3462,VIP Desk
3471,"Assembled Solutions, Inc."
3491,Child Health Corporation of America
3507,Neoplanet
3585,Office Depot HQTRS
3596,Nettest
3601,Design Benefits Inc
3611,George Brown
3614,MIT
3618,Paxar Corp.
3625,New World Ventures
3636,Ericsson Inc.
3676,Media One
3687,"Steelcase, Inc."
3704,Market America
3716,constellis
3717,Faegre & Benson (  Faegre Drinker )
3718,Schubach Aviation
3735,Vista Outdoor
3802,Nuveen Investments
3823,Taylor Interests
3840,Lindstrom & Associates
3853,Grant Thornton - Chicago
3886,Broadmoor Capital
3893,BCC Software
3917,On Call International
3980,FNI
3993,Anheuser-Busch
4017,Granite State Management
4026,KKR
4038,Jostens
4045,ReEnergy Holdings LLC
4056,NCR VOYIX Corporation
4063,CRST
4086,Phillips 66 Company
4097,Safeco Insurance/Liberty Mutual
4107,Synovus Financial Corp.
4117,J. F. White Contracing Co.
4159,TSYS
4183,UBS
29221,Ken Clark International
29225,Granite Construction Inc.
29227,Franklin & Seidelmann
29233,"Skadden, Arps, Slate, Meagher & Flom"
29235,The Worthing Company
29251,Zija International
29255,Trek Bicycle Corporation
29257,Vistance Networks
29261,NFP
29265,Musco Lighting
29269,"Travel Click, Inc."
29281,United Planners' Financial Services of America
29317,Motiva Enterprises LLC - DUPLICATE
29319,Innovative Travel Marketing
29321,American Seafoods
29327,Silver Line Building Products
29337,"Logicalis, Inc."
29339,Highmount Capital
29351,Victory Records
29387,5A Incentive Planners
29393,JBS
29395,American Axle & Manufacturing
29401,"Sartomer Company, Inc."
29403,HRG Worldwide (Hogg Robinson Group Plc)
29407,Impac Mortgage Holdings Inc
29419,"Boeing - Hazelwood, MO"
29423,Air Commander LLC
29425,Notable Capital
29427,Strategic Hotels & Resorts
29433,Triple-S Steel Company
29437,BCM Technologies
29457,Resilience Capital Partners
29459,Dow Chemical - Meetings & Events
29467,Adelman Travel Group - Irvine
29481,R.R. Donnelley & Sons Company
29483,Allen + Philp Architects
29491,The Kor Group
29493,Prime Resource Group
29499,Dentsu Aegis Network
29513,Middlebury Equity Partners
29523,"Jacobs Investment Company, LLC"
29533,Dex Media
29537,Maveron
29551,Christopher Graham
29553,Booking Entertainment
29591,Quintessentially - Los Angeles
29593,Galderma Laboratories
29595,Texas Oncology
29601,Radius Health Inc.
29603,The Marmon Group
29605,Paychex
29607,Valor Equity Partners
29621,Med-IQ
29625,Public Storage Inc
29627,Echelon Club
29637,Arcelor-Mittal Company - Duplicate
29655,Envestnet Asset Management
29659,Brand FX Body Company
29661,BMO Capital Markets - NY
29681,Buffalo Sabres
29683,RBS
29685,Pratt Corporation
29689,Octo Consulting
29695,Grant Thornton - Houston
29715,"BDO USA, LLP/Chicago"
29721,Dine Brands Global
29725,Bank of the West
29727,Viking Global Investors
29733,Kroll - DO NOT USE
29737,ID Systems
29741,Integis
29743,"Quiksilver, Inc."
29745,Dentsply Sirona
29747,JG Wentworth
29751,Wendy Netschke
29753,Ridgewood
29755,Bader Rutter & Associates
29759,FCX Performance
29761,Snyder Catalyst LTD
29765,Allan Myers
29769,Travel Centre of Butler
29771,Industrial Electric Wire & Cable Inc
29777,The Elliot Group
29787,"BDO USA, LLP/Dallas"
29789,Akebono Brake Corporation
29793,Overstock.com
29805,"Domini Social Investment, LLC"
29807,"Link Snack, Inc."
29809,Silicon Labs
4227,French-West-Vaughan
4278,DowellGroup
4312,Wilbur-Ellis Company
4355,Lincoln Financial Group Travel
4374,KPMG LLP
4441,Avient
4444,Little Tikes
4445,RJ Reynolds
4459,Global Healthcare Exchange
4464,Dow Chemical Corporate
4473,Eisenstodt & Assoc.
4501,San Francisco Giants
4502,Outsourcing Services Group
4503,EMD Serono Inc
4506,Smithfield Foods
4509,Deere & Company
4565,USA Today
4566,Sanderson Farms
4584,Transamerica Travel
4591,GENEX Services
4645,"Western Flight, Inc."
4741,Harris Bank
4763,Nash Finch
4766,GE Medical
4772,Baron & Budd
4801,DO NOT USE **CSG Systems.com
4818,GE Power Systems
4827,Yahoo!-NY
4840,Worldlink Tech
4928,DR Horton
4989,Texas Growth Fund
4999,Happy State Bank
5046,American Express Headquarters
5081,Strong Travel Services
5094,Verdant Partners
5139,Verdant Partners
5157,Danaher Corporation
5165,USCellular
5219,The Pyle Group
5247,Westwood One
5273,Syngenta
5291,Endeavor Capital
5311,Cepheid
5316,JetBlue Airways Corporation
5321,"Tegna, Inc."
5335,GE Capital
5366,Wellmark Inc.
5369,Montgomery & Andrews PA
5405,Kirkland & Ellis
5445,Quad Graphics
5464,Topcoder
5486,Dymax
5516,Northwestern University
5544,"The Manitowoc Co., Inc."
5617,FSL
5624,Sirna Therapeutics
5632,"Humana, Inc."
5643,Jeld-Wen
5645,Unify
5659,Eli Lilly-Travel Services
5701,Williams-Sonoma
5763,The Coca-Cola Company
5781,Pella Corporation
5797,Celestial Seasonings
5802,Scott Boras Corporation
5842,Microsoft
5848,Amway Corporation
5861,Viasat
5867,"Mitchell, Goff, & Mitchell"
33674,Keystone Capital
33675,Edcor Data Services Inc
33678,RBC Daniels
33681,Epicor Software
33682,Jim Rouse
33690,North Central Trust
33694,Equity International
33707,Endurance Specialty - New York
33713,McCullen Capital
33714,Stockwell Capital
33721,AB CarVal
33729,Hudson Ventures
33743,Chambersburg Hospital
33745,Accenture/Rohleder
33747,Talisman Energy
33749,Commercial Metal Forming
33750,WD-40 Co.
33751,Broadway Across America
33756,Comunica
33758,Concentra
33760,R1 RCM
33784,Broker Dealer Financial Services
33802,Bacardi Limited
33806,Three Fires Entertainment
33809,Performance Review Institute
33819,M&M Aerospace
33821,Corient HQ
33828,Noranda Aluminum
33830,Newpark Resources Inc
33831,Taylor Corporation
33833,Transwestern Commercial Services
33837,Ogilvy & Mather Worldwide
33838,Curtiss-Wright Corporation
33841,The Home Depot/Meetings and Events
33856,Mulvanny G2 Architecture
33861,Remember Glen Car LLC
33864,Favour Royal
33867,Prophet
33870,Henry V Events
33877,AlixPartners LLP
33899,Site Solutions WorldWide
33901,Jeffrey Smith Companies
33903,Pinnacle West Capital Corporation
33910,"Emerald Ventures, Inc."
33912,Simon Kucher & Partners
33913,"ENE Realty "
33915,Rich Worldwide Travel
33917,CB Richard Ellis - New York
33918,ConvaTec
33923,Icon Mobile
33929,Axel Johnson Inc.
33930,Forestar Real Estate Group
33931,Cornerstone Capital Management
33933,Michael Sobel DMD
33934,PepsiCo Inc/Meeting & Events
33937,MSC Software Corporation
33940,VantageScore
33942,The Topps Company
33945,General Dynamics - Armament and Technical Products
33949,Energy Maintenance Service
33955,AmeriCold
33965,Robb & Robb
33966,US Auto Parts
33971,Aleris International
33984,HP Inc.
33987,Protravel International - Miami - Sherry W
33988,Dillon Kane Group
33990,Shelby Fessl
33991,Versa Capital Management
33999,Bodyguard Plus
34003,"Quad-C Management, Inc"
34014,Ernst & Young
34017,Charmer Sunbelt Group
34019,Confluence
34022,Lear Corporation
1265,Tribune Publishing
1302,MERCEDES BENZ
1487,Industrial Advisors
1500,EMS-CHEMIE (NA) Inc
1627,WPX Energy
1639,Omnicell
1712,ADC System Services
1744,Nottingham
1753,Midtown Sundries
1758,Animal Adventure
1762,Delta Dental of Kentucky
1819,Sparrow Health System
1953,National Institute of Health
1957,"Fi-Tech, Inc."
1985,NBC
1993,Bayer Built Woodworks
2019,"Baron & Budd, PC"
2066,Kturbo Products
2077,Trelleborg Automotive
2082,Merrill Lynch
2090,MSNBC
2326,The Travel Cener
2399,"Concierge At Large, Inc."
2474,Dynegy
2539,American Greetings
32002,Gresham Partners
32009,Illinois Wesleyan University
32023,Nexen Inc.
32024,AZZ WSI Travel
32030,Huntington Investment Company
32035,Century Strategies
32047,Gerlyn Lucas
32048,Lacoste
32054,Spoon Event
32061,"Shackelford, Melton, McKinley, LLP"
32064,DCI Group
32066,Napa Parts
32069,Equitable
32073,Supplemental Healthcare
32074,Toyota Canada Inc.
32075,Nova Chemicals
32084,The Preston Partnership
32089,TowerJazz
32090,University School
32093,Bentall Kennedy Limited Partnership
32094,"Lifecore Biomedical, Inc"
32102,Cortex Pharmaceuticals
32103,Ascent
32110,Beaver Run Resort
32111,Lawyers Travel/Simpson Thacher & Bartlett
32116,Healthcare Development Partners
32120,"AptarGroup , Inc."
32124,Waves
32129,Accenture/Brian Hummel – Event Security
32130,Designed To Move
32131,Elite Meetings International
32142,Waud Capital Partners L.L.C.
32143,LDR
32147,"Guitar Center, Inc."
32149,Relative Solutions
32152,Energy BBDO
32153,Healthcare Partners Medical Group
32160,Visteon Corporation
32165,Mitchell International Inc
32169,Mueller Water Products
32181,Kansas City Southern
32186,Compass Environmental
32189,American Association of Neurological Surgeons
32199,University of Oregon/Basketball
32200,Jewish National Fund
32201,CB Richard Ellis - Oak Brook
32202,Electronic Arts
32205,University of Oregon/Baseball
32206,Lime Rock Partners
32213,Vail Resorts
32218,Davis Polk & Wardwell
32219,J. Crew
32220,Sumitomo Mitsui Banking Corp
32222,RPM International
32229,Fred Alger Management
32231,"Kelly Services, Inc"
32242,Egencia
32247,Trico Products
32248,"Netlist, Inc."
32258,Lynch Daskal Emery LLP
32264,Dougherty Financial Group
32268,Patriot Coal Corporation
32270,William Watts
32273,"DealerTrack, Inc."
32276,Havas Media - Worldwide
32280,L&M Healthcare Communications/Individual Travel
32282,Kone Inc.
32286,Peter J. Solomon Company
32293,Rocky Brands
32294,"NNN Realty Advisors, Inc"
32295,Perfect Escapes
32298,Keystone Resort
32300,Organogenesis
32306,Greenberg Strategy
32310,MacAllister Machinery
32314,Pinnacle Entertainment Inc
32315,Plante Moran
32317,Schroder Investment Management
32318,Glencoe Capital
32319,Credit Suisse - San Francisco
32321,Caribou Coffee Company
32323,Affinity Capital
32330,University of Delaware
32333,Aspen Insurance
32334,Mitchell Madison Group
32340,Wieden & Kennedy
32348,Publicis Groupe
32351,Canadian Homes & Cottages Magazine
32353,Sembler Company
32354,Library Foundation of Los Angeles
32356,FNF/ Canada
32366,Prudential Financial - HQ
32369,Travel Solutions - KeyBank
32370,CB Richard Ellis - Stamford
32373,Berenson & Company
32374,F.N.B. Corporation
32375,"Womble, Carlyle, Sandridge & Rice"
32387,"Trident Capital, Inc."
32389,Seneca Companies
32395,Equity Lifestyle Properties
32403,ViewSonic Corp.
32405,Lehigh Phoenix / Pheonix Color Corp
32410,BASE Entertainment
32412,ABM Janitorial Services
32420,Magnitude Software
32422,Dacor
32423,"Walton International Group, Inc."
32424,Row 44
32428,Cruise Connections
10922,W.K. Kellogg Foundation
10923,AAA - East Tennessee
10925,Troika Entertainment/Gaithersburg
10926,Teleflex
10929,"Lattimore & Black, Morgan and Cain (LBMC)"
10937,"Platt Electric Supply, Inc."
10940,Trusted Edge
10943,Darren Star Productions
10944,Metcare
10951,Intel Corp - DO NOT USE
10953,Travel Bound
10959,Liberty Mutual Insurance Company
10971,Naumann/Hobbs Material Handling
10973,BTE Performance Group
10986,"Fleishman-Hillard, Inc."
10996,Bayer Consumer Care AG
10999,The Clorox Company
11000,Houston Rockets
11013,Northern Trust
11014,Meetings & Events Mgmt
11020,Nationwide Insurance - Corporate
11021,Weston Entertainment
11026,R. L. Polk & Co.
11027,"King Pharmaceuticals, Inc"
11029,Vanderbilt University - Athletics - BizRide
11040,Custom Travel
11041,Jim Ferry and Associates
11044,LivaNova
11046,TRW Automotive Holdings Corporation
11049,New Frontier Media Inc
11052,Bon Voyage Travel
11054,PGT Industries
11056,Xilinx
11065,"Rieter Automotive North America, Inc."
11066,Go Utah Travel
11067,Advantage Financial Group
11069,Alive Communications
11070,Central Garden & Pet
11071,EJ Smith Enterprises
11079,San Francisco 49ers
11080,jimtest10
11083,RMA
11090,Rent-A-Center
11104,Ashland LLC
11106,Computer Associates/South San Francisco
11111,"Bridgestone Americas, Inc."
11114,FMI Corporation
11115,Smith Barney
11121,Ranpak Corporation
11123,Crestwood Equity Partners LP - DUPLICATE
11124,Williamsburg American Express/ Jacksonville
11128,The Hartford
11138,AutoZone
11142,Harrah's Entertainment NOPE
11143,Clayton Dubilier & Rice
11147,Delphi Corporation
11150,"EPIQ Systems, Inc."
11152,Mannatech
11165,Dollar Tree
11168,Utah Jazz
11173,Travel Advocate
11176,Petroleum Card Services
11183,United Capital Markets
11188,Kennametal
11190,Fresenius Medical Care
11197,Kroenke Sports Enterprise
11198,Vision Vacations
11199,University of Oregon/Football
11207,Network Solutions
11212,Veredus Asset Management
11220,US Postal Service
11228,Cracker Barrel
11238,Zions Bank
11239,Walmart Stores
11246,DST Systems
11252,"Advanced Strategies Group, Inc."
11257,Holmes Murphy
11258,"Infocrossing, Inc."
11261,Imre Communications
11269,Brierley and Partners
11270,Quicken Loans
11277,Stryker Corporation
11278,Highfield Communication
11283,Provident Investment Counsel
11284,Everest Capital
11285,Verizon Meetings & Events
11287,Midwest Heart Specialists
11308,Chrysalis Ventures
11313,Odyssey Investment Partners
11325,Freddie Mac
11326,BJ Services Co.
11329,Siltronic Corp
11331,Kuraray Co. Ltd (FKA Calgon Carbon Corp)
11333,Graycor Inc.
11346,PICA Group
11365,Andrews McMeel Universal
11372,"Crispin, Porter, and Bogusky"
11375,General Shale Brick
11381,Hershey Company
11383,Newmont Corporation
11400,LeapFrog
11409,Four Seasons Travel
11411,La Quinta
11419,Mattson Jack Group
11427,"Trip Logics/Corporate Travel "
11429,Valerie Brutti
21392,PetSmart
21393,Mission Pharmacal
21394,Duty Free Americas
21396,Mary Kay Cosmetics
21407,HCA Healthcare (DO NOT USE)
21408,FirstAir Aviation
21412,Netsmart Technologies
21415,Apple Vacations
21424,UTStar
21425,Shell International B.V.
21426,Deutsche Bank
21428,Carl M. Freeman & Associates
21435,Catalina Aerospace Corporation
21447,Marshall Gerstein & Borun LLP
21450,Regal Entertainment Group
21462,Cardinal Health
21467,Especially 4 U
21471,Woodforest National Bank
21473,Los Angeles Chargers
21475,"FTD, Incorporated"
21476,GTCR Golder Rauner
21479,"Khosla Ventures, LLC"
21481,Trammell Crow-Los Angeles
21488,National Association of Fire Equiptment Distributers
21490,Westell Technologies inc
7588,Markel Corporation
7590,University of Michigan - Anthony Travel
7595,Clinton House/ Mountaintop Faith Ministries
7609,Wilson Leather
7621,"Wachovia Bank - Summit, NJ"
7628,Park Avenue Equity Partners
7631,Publix Supermarkets
7634,Axsun
7635,"ShareCare, Inc."
7661,Advent Software
35550,Texon
35551,Seattle Seahawks
35552,F5 Networks
35553,KCI
35554,American Society for Engineering Education
35555,"ICOM America, Inc"
35560,NHS Management LLC
35565,Thomas Cardella
35571,"TTA, Inc - Los Angeles"
35572,Boeing Corp HQ - Chicago
35575,Affirmative Insurance Holdings
35582,Dewey and LeBoeuf
35583,Icahn
35585,Tech Data Corporation/ Meetings
35586,Association Headquarters Inc
35590,California Technology Ventures
35593,"Atlas Events, Ltd."
35595,Acument Global Technologies
35598,Essent
35599,First Financial Bank
35601,Integra Capital
35605,Bimini Capital Management Inc.
35607,ORIX
35613,Family Allergy & Asthma Care
35615,Aspect Software
35617,ARC Resources Ltd
35619,Potomac Hospital Corporation
35620,Genesys
35623,Pearson Travel
35625,"WellCare Health Plans, Inc."
35632,StandardAero
35639,Quantitative Investment Management
35641,"Balfour Beatty Construction, LLC."
35647,VIIAD
35649,"BBC Worldwide Americas, Inc"
35650,LifeSize Communications
35661,United Entertainment Group
35662,EnPro - Meetings & Events
35663,Splunk Incorporated
35687,NSW Treasury
35694,Apple - VP Travel Desk
35698,Charter First
35704,Green Mountain Coffee Roasters
35713,Corporate Finance Group
35720,"Waterton Global Resource Management, Inc."
35726,The Jackson Laboratory
35728,FieldTurf Tarkett
35730,Silver Lane Advisors LLC
35732,Dell
35742,Teleflex
35752,Borden Ladner Gervias LLC
35753,Trican Well Service Ltd.
35754,Obsidian Energy
35758,ACF Industries LLC
35762,The Goldfield Corporation
35767,IMClone Systems Incorporated
35769,New Seabury Properties
35770,WestPoint Home
35772,Viskase Companies Inc
35773,PSC Group LLC
35775,Starfire Holding Corporation
35776,XO Communications Inc
35779,Mills Entertainment
35785,HoMedics
35794,Datanamics Inc.
35817,Ion Media Networks
35819,Denver Management Advisors
35836,Ac-U-Kwik
35840,Trimble Navigation
35851,"Cushman & Wakefield, Inc."
35854,Summer House Design  Group
35856,Darla Moore
35860,"Muchmore Harrington Smalley & Associates, Inc."
35862,Accenture
35864,TaylorMade Golf Company
35878,Jones Day
35879,National Pen
35884,Capital One Bank
35885,"Day Pitney, LLP"
35887,Kazmar Company
35892,Integra LifeSciences
35894,Adelman Travel Group
35895,American Podiatric Medical Association Meeting & Events
35901,Pacific Seafood Group
35906,Parex Resources
35911,Abbott (Use 9917l)
35912,Ener1
35913,Lion Capital
35915,The Fund
35916,Precision Laboratories
35922,VA Enterprises
35923,Fiserv
35929,The Buckle
35930,"Sarr Group, LLC"
35939,Integrated DNA Technologies
35948,International Society for Cardiovascular Translational Research
35964,Direct Travel - San Francisco
35965,Frost Brown Todd
35971,Antares Pharma
35987,Watts Water Technologies
35988,American Iron and Steel Institute
35992,Bricker & Eckler LLP
35994,Nature's Sunshine Products
36003,Asian Coast Development
36014,Debra Anderson Design
36015,Specific Media
36018,Lattice Semiconductor Corp.
36020,Inova Health Care Services
36024,The Topline Corporation
36028,"Weather Modification, Inc."
36029,AvMet International LLC
36034,Sitel Corporation
36035,AltaGas
36039,Barrett-Jackson Auction Company
36045,Knapp Properties
36046,Cancer Treatment Centers Of America
36047,Sandy Berrey and Associates
36052,Tailwind Capital
36058,Taylor Precision Products
23334,Huntington Bank
23348,CGI Information System Management - Austin
23350,Forsythe Technology
23352,"Wells Fargo Home Mortgage "
23354,R.T. Vanderbilt Company
23358,Lawyers Travel/Alston Bird
23372,Chesapeake Energy Corporation - DNU
23380,Tivity Health
23384,Panasonic Corporation of North America
23406,Spectrum Health
23410,"Bermello, Ajamil & Partners, Inc"
23420,Lynx Technology
23426,Danzer Group
23430,The Dixie Group Inc.
23432,Meridian IT Solutions Inc.
23450,FB Development
23454,Equity Group Investments
23456,Donna Roper
23464,Interface Europe Ltd
23466,Caxy Consulting
23470,Comventures
23472,"Cloud Software Group, Inc."
23498,Working Title Films
23532,Virtusa Polaris
23534,Elite Legacy Education
23538,THQ Inc.
23542,Jimmie Johnson Racing
23548,Rev-A-Shelf
23550,Akamai Technologies
23562,International Paper
23566,Synetics Solutions Inc.
23568,The Society of International Railway Travelers
23572,GE Healthcare HQ
23578,University of Oklahoma/Football
23586,Hypo Vereinsbank HVB
23588,Goldman Sachs / Chicago
23606,Nomura Securities International
23608,DO NOT USE - Nomura Securities International - San Francisco
23618,TBWA
23622,World Travel/Salix Pharmaceuticals
23638,"Thomas H. Lee Partners, LP"
23664,Russell Reynolds Associates
23666,RBL Group
23672,Audible Inc.
23674,Atlas Venture
23692,Carol Henry
23702,Toyota Financial Services
23710,Greenberg Quinlan Rosner
23718,Boeing - Long Beach
23734,Reschini
23760,Spectranetics Corporation
23764,University of Texas at Dallas
23776,DHA Incorporated
23786,United Healthcare
23806,Coterra
23814,Parsons Corporation
23824,Rapp Collins Worldwide
23830,Coinstar
23834,Duquesne Capital Managment
23854,TeleTech- BizRide
23858,Idenix Pharmaceuticals Inc.
23864,Array BioPharma Inc.
23894,Winfield Venture Group
23898,Likewize
23906,BakerCorp - Corporate Office
23924,Dickstein Shapiro
23934,RDV Corporation
23938,Robert & Adelina McAndrews
23942,University of Maryland
23948,AGCO
23980,International Wire Group
23984,American International Group ( AIG )
23986,"Centennial Ventures "
23988,The Martin Agency
23992,CalAtlantic Homes
23998,Lochinvar Corporation
24028,Ridge Global
24034,Burrell Communications
24046,University of Chicago
24050,Red Eagle Ventures
24064,DSI Corporate
24066,Bloomberg L.P.
24070,Rensselaer Polytechnic Institute
24094,"Sling Media, Inc."
24102,John Phee
24128,Anthony International
24138,Honigman Miller Schwartz & Cohn LLP
24140,Holder Construction
24154,Weber Shandwick - Minneapolis
24160,Ansell Grimm & Aaron
24162,"Allergan Sales, LLC"
24174,R/GA
24184,T-Rex Capital Group
24188,Trip Logics/Campbell Alliance
24190,Ryerson
24204,Muse Family Enterprises
24212,Schwartz & Company
24216,Crane Composities Inc
24226,Ronald Davis
24228,test_amex
24248,THQ Asia Pacific Pty Ltd
24254,Robert Yates Racing
24256,Incoe Corporation
24276,Provena Health
24278,Omnova Solutions
24280,Goldman Sachs / San Francisco
24288,Carlson Wagonlit - Houston Concierge Desk
24300,LaserCard
24334,Compsych Corporation
24336,Grubb & Ellis Company
24374,"Federated Hermes, Inc."
24410,ITT Educational Services
24412,Trading Technologies - BizRide
24418,Electrolux
24432,Fidelity National Financial Corporate
24440,"Hormel Foods, LLC"
24442,Heritage Golf Group
24446,Bloomingdale's
24458,Autodesk Inc
24464,BSL Capital
24470,S.P. Richards
24522,CHC Helicopter Corporation
24524,Mitsubishi UFJ Securities Americas (MUFG)
24528,QC Mercantile
24536,McKesson Corp
24544,IASIS Healthcare Corporation
24550,"Scripps Networks, Inc- Do Not Use"
24554,Celgene
24556,Guess Inc.
24586,Fox Sports
26835,Jeff Taylor
26843,InfraReDx
26849,Hill International
26853,Morgan Stanley - Memphis
26855,Honkamp-Krueger & Company
26867,Hayward Industries
26873,Conagra Brands
26877,Roy Lichtenstein Foundation
26879,Novak Biddle Venture Partners
26893,Meeting Protocol
26897,Orchard Capital Corporation
26899,Barrett Wissman & Company
26903,SunCor Development Company
26909,RSM US LLP - Chicago
26923,Coast Spas Manufacturing Inc.
26931,American Port Services
26933,Albers Communication Group
26941,Applied Materials
26953,S & D Advisory Council
26965,Arnold Magnetic Technology Corp.
26971,Millennium Pharmaceuticals Inc.
26977,Creative Consumer Concepts
26983,The Carlyle Group
26987,Dynavax Technologies
26999,Conference Direct
27001,E-Tech Solutions
27007,UHY LLP - Headquarters
27027,Grant Thornton - Philadelphia
27033,Provident Energy Limited
27039,EBE
27061,Payless ShoeSource
27063,Bayshore Retirement Living
27071,Tortoise Capital Advisors
27081,Vista Travel - Cambridge
27083,FirstEnergy Corporation
27085,Precision Medicine Group
27095,Atlas Partners LLC
27099,Deborah Glass
27103,Catalina Corporation
27107,DO NOT USE - Susquehanna International Group - SEE 1235906
27111,NK Productions
27121,Mentor Planning & Consulting
27127,Freeman HQ
27139,Aisling Capital
27153,Global Consulting Partnership
27155,"AKDHC "
27157,Kirk Horse Insurance
27181,"Synagro Technologies, Inc."
27187,Triton Boat Company
27193,Allied Telesis
27199,Pacific Sunwear of California
27203,Universal Technical Institute
27213,Lansing Building Products
27221,Ignition Partners
27225,Capital For Business
27227,The Finish Line Inc.
27231,Anna Trone
27235,Cardinal Partners
27243,Providence Hospital
27251,Jones Soda Company
27257,Bryn Mawr College
27267,Blue Cross Blue Shield - Corporate HQ
27269,GS Carolina
27271,"PhotoMedex, Inc."
27279,Hebrew Union College
27285,Molly Monjauze
27287,Adviser Compliance Associates
27289,Excel Sports Management Do Not Use
27291,"Lufthansa "
27293,Edmonton Oilers
27331,Ventana Medical Systems
27341,Richard Secrist
27363,IDC
27365,Peter Partipilo
27367,Madrona Venture Group
27389,Fort Orange Travel Inc.
27425,Jurysync
27435,Network Appliances
27445,PharMerica Corporation
27449,HandyLab Inc.
27451,LCA Vision
27457,Gramercy
27461,Velera
27463,Carnegie Museums of Pittsburgh
27467,RCI
27469,Nelnet
27475,Motion Picture Association of America
27479,Cinram International Inc.
27481,The Mercersburg Academy
27487,Starcom Worldwide
27491,PMA Companies
27517,MTS Health Partners
27521,Union Tank Car Company
27525,DoNotUse/Directed Electronics/Sound United
27541,Brasfield & Gorrie
27547,Chatham Financial
27559,Goldman Sachs / Event Management
27577,"Americhem, Inc."
27591,Darwin Tejada
27593,HRG North America - CT
27605,Nokia - Plano
27609,FIRST Agency
27617,Commune Design
27635,PQ Corporation
27643,Southern Pine Electric Power Association
27649,Smith & Gill
27655,"Trans Global Travel Network, Inc."
27659,Sevenson Enviromental Services Inc.
27661,Hearts on Fire Company
27667,"Visible World, Inc."
27669,Sudler & Hennessey
27671,Vonage Holdings Corporation-Board Meetings
27675,"Selective Insurance Group, Inc."
27681,"Martin Franchises, Inc."
27699,Check N Go
27701,"Kohn Pedersen Fax Associates, PC"
27733,Cosentino
27735,Publishers Clearing House
27743,ARCA Biopharma
27749,Martha Stewart Living Omnimedia/Meredith Corp
27755,"LVMH, Inc."
27761,Sea Change International
27777,Millipore Corporation
27779,First American Corporation
27787,Harvard Business School Publishing
27797,University of Rochester
27813,"Bearing Distributors, Inc."
27821,A la Mode
34024,Menasha Corporation
34026,Digital First Media
34029,Idexx Laboratories
34037,"Haworth, Inc/New York"
34041,Bickerstaff Sports and Entertainment
34043,CBS Research
34044,Mike Rajkovic
34046,Colonial Group
34050,BGC Partners
34054,CAZ Meetings And Incentives
34056,Genvec
34057,The Breakaway Group
34058,Straumann
34059,Y2K Aviation LLC
34061,"Hodges Ward Elliott, Inc."
34062,Duke Realty Corporation
34063,Signal Event Group
34064,Cleco
34072,DMB Associates
34080,Tribune Broadcasting
34085,UMB Bank
34091,"Bayer HealthCare, Consumer Care"
34093,Capital Hotel Management
34095,WebTrends
34098,Perrigo
34104,Medxchange
34106,The Wonderful Company
34107,Snacks America Latina Perú S.R.L.
34114,Travelport
34115,Donald Dellaquila
34116,Mzinga
34117,Kight-Swift Transportation Corporation
34118,Southwestern Energy - DNU
34121,"Highland Capital Management, L.P."
34123,Gas Technology Institute
34125,USE ACCT 27267 Blue Cross Blue Shield of Arizona
34127,Kraton Polymers
34130,Digital River
34131,Macmillan Learning
34134,Dow Chemical-Houston
34135,Ogilvy Public Relations Worldwide
34140,Morongo Band of Mission Indians
34145,PPG Architectural Coatings
34155,Stubbs & Wootton
34159,BlueRun Ventures
34166,Prasco
34173,Universal Avionics Systems Corporation
34179,Conormed
34184,Phoenix Suns
34185,Arizona Diamondbacks-Executive
34195,Neil de Crescenzo
34196,Planalytics
34198,"Dal-Tile Group, Inc."
34199,Wake Forest University - Anthony Travel - BizRide USE Account 458827
34202,Designer's Management Agency
34205,Mountain Funding
34206,One World Incentives
34208,Acclaim Meetings
34214,Gospel Music Workshop of America
34216,Advancement Resources
34222,SYSCO Food Service of Ventura
34223,Jennmar Corporation
34225,Insight Enterprises
34228,Intelsat
34229,McKinsey & Company - Washington D.C.
34231,Don McGill Toyota
34232,PointRoll
34234,Benetech Inc.
34247,Alon USA Energy
34252,Landar Corporation
34256,DLB Associates
34266,Vistage
34269,Xcel Evennis
34272,Paula Deen Enterprise
34277,Castle Harlan Inc
34279,"TreeHouse Foods, Inc."
34281,NYC & Company
34297,Standard Textile
34298,Masonite International Corporation
34301,Smith & Wesson
34314,"American Assets, Inc."
34315,Bumble Bee Foods
34327,Universal Business Computing Company UBCC
34329,Russell Reynolds - Toronto
34330,Russell Reynolds - Atlanta
34331,Russell Reynolds-Boston
34332,Russell Reynolds - Chicago
34333,Russell Reynolds-Dallas
34334,Russell Reynolds - Houston
34335,Russell Reynolds-Palo Alto
34337,Russell Reynolds-San Francisco
34339,Russell Reynolds-Washington DC
34340,Russell Reynolds-New York
34342,PG&E Flight Ops - DO NOT USE
34348,Boeing- Plato
34350,Matrix Service Company
34359,Chicago Tribune
34363,International Motors
34364,Haebler Capital
34367,Nationwide Laboratory Services
34368,Symmetricom Inc
34382,Ace Cash Express
34383,Senior Lifestyle Corporation
34387,Bare Escentuals
34392,Detroit Red Wings Hockey
34399,AurTravel
34402,Tillinger's Productions
34404,Patterson Securities
34411,Forty Five Ten
34413,Almus Pharmaceuticals
34417,Red 7 Media LLC
34427,Stantec Inc. - Chicago
34434,AAA Conference Services
34435,Tucker Rocky Distributors
34436,UnitedGroup Limited
34439,Ares Management
34447,Materials Research Society
34449,Teva Pharmaceuticals USA
34454,Pride Marketing & Procurement
34455,Fitness Nutrition LLC
34457,DuPont
34465,Sinclair Elevator
34466,Canada Pension Plan Investment Board
34467,American Commercial Line
34477,A.G. Spanos Companies
34485,Goldner Hawn
34488,Ignition Capital
34491,United Stars Inc.
34503,Eldorado Stone
34507,"Dicon, Inc."
29811,Fednav Group
29819,Boy Scouts of America
29821,Duff Capital Advisors
29827,First Solar Inc
29831,Gallagher
29869,Parallel Investment Partners
29883,First Communications
29889,Kingswood Capital
29891,Carlson Wagonlit Executive Services - Santa Clara
29911,"DePrez Travel Bureau, Inc."
29917,Lehigh University
29921,Silver Ventures
29925,CK12 Foundation
29929,Curatio CME Institute
29963,Cruise Agency
29975,"Medical Specialties Distributors, Inc."
29981,Corporate Travel Management – New Orleans/Credit Card
29983,BNP Media
29993,"Things Remembered, Inc"
29999,Ardent Health Services LLC
30017,The Halifax Group
30019,Alliant Insurance Services / Irvine
30031,Wells Capital Management
30037,USG Corporation
30045,Embryon
30051,Novartis Animal Health
30065,Altamar Capital
30067,Greenbriar Equity Group
30075,SEI
30097,E-Rewards
30101,Allsteel
30105,Hunting PLC
30119,Asset Management Company
30127,Spectrum Pharmaceuticals
30129,EnPro Industries
30159,Impax Laboratories
30163,Salus
30173,Johnson Publishing
30179,Floram Travel
30185,Lions Clubs International
30201,Magnetar Capital - New York
30207,CT Touring
30217,HJ Heinz/China
30229,Dow Hotel Company
30237,California Pizza Kitchen
30239,"Cinemark, Inc."
30241,Diamond Castle Holdings LLC
30243,Apac Customer Service Inc
30249,Shure Inc
30253,Univar Solutions
30255,AVANIR Pharmaceuticals
30265,Leach Corp
30273,Cantrav
30275,Walker Financial
30285,Bally
30287,Fleet Laboratories
30321,Norpac Foods
30327,Experian/Credit Card
30343,"Valley Air Service, Inc."
30353,StyroChem
30359,The Container Store
30367,Altour International - Long Island
30377,EXCO Resources
30381,Auven Therapeutics
30387,John Paul Mitchell Systems
30389,Andretti Autosport
30395,Panolam Industries
30399,Publicis
30433,Cerner - Reference Sites
30435,Quikrete
30475,Schwartz Capital Group
30493,Balfour Beatty Communities
30501,George E. Warren Corporation
30515,Speaker Resource
30517,"NRG Energy, Inc."
30525,PNM Resources / TXNM Energy
30529,SpecialtyCare
30543,"Land O'Lakes, Inc."
30545,W.W. Grainger
30575,Hylant Group
30585,Verio
30589,Francisco Partners
30595,DDB
30597,Redpoint Ventures
30605,Miramax Film Corp
30607,8th Avenue Food & Provisions
30611,Techsmith Corporation
30627,Illinois Tool Works (ITW)
30641,Software AG
30643,Frontage Laboratories Inc.
30647,Allied Universal Security
30649,Health Alliance Medical
30663,GATX
30669,Jaffoni & Collins
30679,Viking Range Corporation
30697,Aevex Aerospace
30707,Ralcorp Holdings
30717,Morgan Stanley - Chicago
30725,Sorin Group
30731,Jim Wilson & Associates LLC
30737,Patriot Rail Corp
30749,Shasta Ventures
30751,Holliday Fenoglio Fowler
30761,"BDO USA, LLP/Miami"
30775,Battelle
30777,Business of People
30781,Safelite Group
30785,Globeimmune DO NOT USE THIS ACCOUNT - USE Dr. Timothy Rodell Personal
30815,Opus Group
30831,Transatlantic Reinsurance Company
30841,Shawmut Design - BizRide
30853,Hinda Incentives
30859,Tier One Bank
30861,Sage Hospitality
30867,Garretson Resolution Group
30869,GOJO Industries
30871,Events By Lisa
30891,American Health Holding Inc
30895,Ecko Unlimited
30899,Bain & Company
30901,APS Healthcare
30913,Ducommun Incorporated
30919,IMA Financial Group
30923,"Planar Systems, Inc"
30937,Alpha Corporation
30953,Magnolia Pictures
30955,Parthenon Futures
30961,Vitech
30963,Citizens First Corporation
30969,Wachovia - Oakland
30977,Maersk Inc
30981,Genelux
31003,"Dolby Laboratories, Inc"
31007,The Keith Corporation
31011,Active International
31037,C3 Presents Partners
31041,Mircom Group of Companies
32434,JCK Investments
32437,Paramount Resources
32441,Pengrowth Energy Trust
32444,Fastenal
32445,Veidt Enterprises
32452,Pennsylvania Veterans Museum
32453,HSN
32457,ABM Industries
32459,"Dixie Pulp & Paper, Inc."
32464,NEO Tech
32469,Adventist Health System
32474,Kuczmarski & Associates
32477,"Ryan Companies US, Inc."
32494,IntegraMed America
32495,Peregrine Financial Group
32496,Sheppard Mullin
32501,"Godiva Chocolatier, Inc"
32502,Performance Trust Capital Partners
32506,Fuze Entertainment
32512,Northern Tool & Equipment
32514,Bloom Energy
32518,Ardian
32520,SAS Canada
32525,Diageo HQ
32526,DoNotUse/Assurant Solutions Pre-need
32533,Wolfe Doyle Advertising
32536,Solstas Lab Partners
32540,CST Industries
32541,Maple Leaf Bakery
32564,North American Flight Services
32567,Horsehead Holdings
32572,Methanex Corporation
32576,ImprovEdge
32577,A.O. Smith Corporation
32583,Air Products & Chemicals
32589,RRE Ventures
32594,Summit Brands
32603,Gregory Michaels & Associates
32606,Air Partners Corporation - Canada
32615,Versant Ventures - Menlo Park
32616,Coastal Contacts Inc.
32619,Plains All American Pipeline
32621,Pyramid Management Group
32630,ABB
32633,Macquarie Group - Australia
32637,Walgreens Boots Alliance Services Limited
32639,SensorSwitch
32644,"HelloWorld, Inc"
32647,Medpace
32649,NOVAGOLD Resources
32656,Computer Sciences Corporation
32657,Argot Partners
32661,King & Spalding Law
32663,"DSE, Inc."
32666,RockTenn
32671,IntraVision
32673,Glu Mobile
32674,myShape
32678,Collins
32679,McFarlane Insurance Agency
32687,Rexel
32691,ON Semiconductor
32693,"Merced Capital, L.P."
32697,TransMontaigne Inc
32704,Makai
32707,OpTech
32708,GRP Co. LLC
32713,Doggrell Photography
32715,Guardian Investor Services
32718,Jerry Bruckheimer Films
32723,Flipboard
32724,Catalyst Biosciences
32726,KGHM International
32730,Avamere Health Systems
32734,University of Connecticut
32736,J.F. Lehman & Company
32740,CIGNA HealthCare of Arizona Inc
32746,Altman Companies
32752,Irving Materials Inc.
32758,Via Design Inc.
32759,Continental Datagraphics
32769,Kenwal
32775,Toronto Maple Leafs Hockey Team
32786,World Monuments Fund
32787,O'Neal
32789,DUPE Kellogg Company
32796,Mayo Clinic
32804,Cherokee Investment Partners
32805,American Academy of Arts & Sciences
32806,GCI Group
32807,Landec Corp.
32814,Aspen Marketing
32821,Shana Goodman
32831,Flagstone RE
32833,Marvin
32835,Pizzuti Companies
32837,Sutter Hill Ventures
32838,Venrock
32841,Alstom Power
32849,Transocean
32850,Hyundai
32852,Cliffs National Resources
32863,Video Plus
32864,Tremblant Capital
32867,IT and T Business Travel Solutions-DO NOT USE
32868,Golden Corral
32869,New York Life
32872,Leuliette Partners LLC
32875,Larry Robbins
32878,Jack Morton Worldwide
32889,AbelsonTaylor Inc.
32890,True Partners Consulting
32892,Fuel Tech
32893,Ferno-Washington Inc.
32896,BJC HealthCare
32900,American Iron & Metal
32902,Cummins Inc.
32908,"Marvel Entertainment,Inc."
32913,APi Group Inc.
32928,Cooling & Herbers
32930,ATCO Group SEE OTHER ACCOUNT
32932,"Flowers Foods, Inc."
32936,Kirco
32941,Capstone Strategic
32942,Mainline Information Systems
32949,"K.P. Kauffman Company, Inc."
32957,GSI Technologies
32959,The Aspen Institute
32962,"Trivest Partners, L.P."
32963,Venoco Inc
32965,Broadridge Financial Solutions
32970,Nissan North America
32972,Kavo Kerr Corporation
32978,Canadian National Railway Company
32987,Dollar Bank
32989,Max M. & Marjorie S. Fisher Foundation
32995,O'Hagan Meyer
32997,Joe Gibbs Racing
32998,The Nichols Management Group Ltd
36060,Toxikon Corporation
36062,Segall Bryant & Hamill
36067,Lawyers Travel/Dallas
36069,MSW Travel
36076,Propact LLC
36077,Geomagic
36088,Indiana University - Michael McRobbie
36093,Carson Wealth Management Group
36095,SilkRoad Technology
36101,Celgene / Meeting & Events
36109,JH Partners
36112,Lively Foods LLC
36113,Boich Companies / Meeting & Events
36115,Joe's Songs
36116,Johnson Gas Appliance Company
36120,Lawyers Travel/O'Melveny & Myers/ECP
36121,Avient / Meeting & Events
36127,Samet Corporation
36129,US Pharmacopeia
36136,Exetor
36144,ServiceMaster
36145,Morphotek Inc.
36146,Assante Wealth Management
36147,Collins Aerospace - Meeting/Events
36153,Azo
36157,Chimera Travel LLC
36162,"Best Western International, Inc."
36164,Craig-Hallum Capital Group
36165,Aberdeen Asset Management
36166,Wind Point Partners
36168,Portescap
36169,Point 72 Asset Management
36170,Children's Health System of Texas
36180,Let's Travel
36182,The Tuck School - Dartmouth
36183,Bracewell LLP
36184,Golden Gate Capital
36186,Performance Strategies Inc.
36190,Rentz
36197,Hospitality Performance Network
36201,"Omnicare, Inc."
36202,"BBK Worldwide - DO NOT USE "
36203,Wenning Entertainment
36208,John Gambs
36211,Medical Automation Systems
36214,Overhead Door Corporation
36223,"AmeriPride Services, Inc."
36229,"Arena Pharmaceuticals, Inc."
36233,Anderson-DuBose
36236,Henkels & McCoy
36238,DoNotUse/Geisinger Health System
36245,Troy Corporation
36248,Cruise Planners
36254,NCSoft Corporation
36255,Thornburg Investment Management - BizRide
36256,New York Community Bank
36260,Use account 1366103 for 3M
36261,Hoffmann-La Roche Ltd
36269,Venable LLP
36272,Xerox Corporation
36273,Noble Royalties
36277,Ovation Travel/Eton Park Capital Management
36279,Minitab Inc.
36282,Mid-State Aerospace Inc.
36284,Acon Investments
36286,Par Pharmaceuticals Companies
36287,Northland Kahn
36290,St. Martin's Press
36297,NPC International
36303,Third Point
36306,The Kantar Group
36313,Meridian Services
36319,G3 Enterprises
36326,Federal Home Loan Bank of Seattle
36329,KBR
36330,Travel Patti Inc.
36334,Morgan Lewis
36336,Payless ShoeSources/ Meetings and Events
36339,Contech Engineered Solutions
36345,"Bemis Company, Inc."
36351,Sally Beauty
36353,"Retail Ventures, Inc."
36354,Ohio State University Medical Center
36356,"Wolfgang Puck Worldwide, Inc."
36359,Match Group
36362,Primary Care Education / Meeting & Events
36368,Allstate Insurance Company
36370,People Fluent
36371,"Employee Benefit Management Services, Inc."
36376,Williams Gas Pipeline-Transco
36377,Lantheus
36380,Ryan Owens/Cryolife
36381,Broadnet
36382,AmeriPride Services / Meeting & Events
36384,Advanced Health Media (Use 446559)
36389,Dana Farber Cancer Institute
36402,Evergreen Packaging
36405,Qorval
36416,ABX Air Inc.
36419,Blue Rhino
36427,Georgia Crown Distributing Company
36429,Paratech
36433,Liquidity Services Inc.
36435,Uniglobe Geo Travel
36437,Vector Capital
36442,Reverba
36447,CTS Travel
36451,The Ford Foundation
36452,IMG - Cleveland
36454,JBT Technologies Inc.
36456,Ave Maria School of Law
36458,Prudential Capital Group
36461,Achaogen
36468,Hybrid Transit Systems
36469,TriVita
36473,"Montblanc North America, LLC"
36480,Service Management Group
36484,John Fabick Tractor Company
36485,The Michael Alan Group
36486,General Dynamics AIS
36488,Arvest Bank Group
36505,Larada Sciences/Claire Roberts
36508,Geron Corporation
36510,Ryan Newman Motorsports
36514,Air Methods
36519,Lifetime Television
36520,Sanofi-Aventis Groupe
36524,Nova Chemicals/Lisa Cardosi
36525,The Lane Construction Corporation
34508,Prime Time Assistants
34522,Haworth
34523,Energy Future Holdings - Vistra Energy
34527,ATD Flight Systems
34528,Hatteras Investment Partners
34531,Lehman Associates
34533,Annaly Capital
34534,Irwin Financial Corporation
34535,Owens Corning - Meeting/Events
34536,Air Charter Services - Toronto
34537,"River Road Asset Management, LLC"
34544,Lightyear Capital
34553,Protection 1
34558,Poe Travel
34559,Euronet Worldwide
34569,RIDEMAKERZ
34573,Occasions Inc.
34575,Curran & Connors Inc.
34577,Assurant
34591,Paine & Partners
34598,"SunRX, Inc."
34603,Mike's Hard Lemonade
34618,Blue Shield of California
34623,Deckers Outdoor Corporation
34626,"The Andersons, Inc."
34631,UMB Financial Corporation - DO NOT USE
34633,GenNX 360 Capital Partners
34634,"Swig Equities, LLC."
34637,Petsmart - Meeting and Event
34644,SGS North America
34647,Airlink International UAE
34660,"Argan, Inc"
34663,Hunt Consolidated Inc.-Fountain Place
34680,Akin Gump Law Firm
34681,Toronto Blue Jays Baseball Club
34685,Requiro Scientia LLC
34689,Kaplan Advertising
34695,Brinderson
34697,Microban International
34698,"Mr. Mike's Restaurants, Inc."
34699,Minerva Medical Communications
34713,UNIFI Companies
34718,Mayo Clinic - Arizona
34719,Crestline Investments SEE Crestline Investors
34729,Papa John's International
34742,Witmor Worldwide Inc
34749,Wizard of Odysses LLC
34752,Infinera Corporation
34753,Con-Way
34777,Interstate Batteries Corporate Office
34785,Goodrich Petroleum
34789,Jacobs Management
34792,FirstService Corporation
34795,Moore Holdings
34797,Robbie Manufacturing
34802,Chemed Corporation Flight
34807,The Lee Apparel Company
34816,Solomon & Associates Event Management
34822,Affinia Group
34824,Emergency Medicine Physicians
34832,"The Beanstalk Group, Inc"
34839,Al-Futtaim
34843,Federal Realty
34847,IPC
34850,The Access Group - Bioeclipse
34855,1E Limited
34862,Fulbright & Jaworski - DC
34867,Amedisys
34869,Beiersdorf - M&E
34872,Banner Life
34876,"Arch Resources, Inc."
34878,Lisa Dobrowolski
34886,Stereotaxis
34896,ARC Financial
34902,Booth Creek Management Corporation
34905,Columbus Blue Jackets
34911,FCTI
34914,United Copper Industries
34916,Oxford Financial Group Ltd.
34919,The Goodman Speakers Bureau
34922,Aviation Technical Services
34928,First Command
34932,Catalent Pharma Solutions
34935,American Home Patient
34941,"Sutherland, Asbill and Brennan"
34949,"Pulte Homes, Inc"
34950,"Boise Paper, A Division of Packaging Corporation of America"
34953,ASP Group
34956,Totes Isotoner Corporation - Meetings & Events
34990,Target Corporation -Executive Services
35004,Garda Capital Partners LP
35008,Aclipse Marketing
35011,"Cynosure, Inc"
35025,CMEA Ventures
35031,"Vermilion Energy, Inc."
35040,OptiScan BioMedical Corporation
35044,DO NOT USE - Mayo Clinic - Jacksonville
35046,US Bank - New York
35054,Metal Coatings International Inc.
35056,"Cray, Inc."
35058,Equinix Inc.
35062,Carlson Wagonlit - Concierge
35075,PRA Destination Management
35083,University of Arizona
35084,BioReference Laboratories
35096,WW
35098,"Astellas Pharma Canada, Inc."
35100,Acumed Inc.
35106,Moffitt Cancer Center
35107,National Council of Structural Engineers Association
35113,Swag
35124,Hamilton Lane
35125,Generous Giving
35127,Meeting Connections Inc.
35129,Steadman Hawkins Clinic
35133,"Willbros USA, Inc."
35140,HCP Inc
35158,Pfiedler Enterprises M&E
35160,Tribune Company
35167,CMS Companies
35175,Truman Medical
35179,"Albany Molecular Research, Inc - AMRI"
35181,Keyhaven Capital Partners Limited
35184,"Life Time Fitness, Inc."
35185,UT-Battelle
35190,Northrop Grumman
31049,DTS Inc.
31051,Emerson
31055,Cirrus Logic
31057,CCB Packaging
31073,Sourcebooks
31083,Targa Resources
31087,Charles Juntikka & Associates
31091,Sanford Bernstein
31107,EaglePicher Corporation
31111,BELFOR Holdings Inc.
31113,"Womble, Carlyle, Sandridge & Rice"
31115,Greenwich Associates
31117,Corelle Brands (formerly World Kitchen)
31123,Nuance Communications
31125,Stedman West Interests
31135,Paulson Capital Corporation
31145,International Profit Associates Inc.
31147,Solstice Neurosciences
31149,Williams Lea Group
31153,MidOcean Partners
31155,TRG Holdings LLC
31161,IDEX Corporation
31165,The Generation Companies LLC
31171,Martin Engineering
31175,Boekel Scientific
31181,"United Airlines, Inc."
31185,Wagner Systems Inc.
31187,The Travel Collaborative
31189,Fifth Third Bank/Charlotte.
31199,Chapman & Cutler LLP
31201,Garrett
31205,Rytec Corporation
31213,Dancing With the Stars
31227,Gray Venture Partners
31253,TE Connectivity
31259,Lowe's - Meetings/Events
31263,Globus Medical
31269,Hu-Friedy
31277,Comerica
31283,Alpha International / Pharos Capital
31289,Bruce World of Travel
31293,Lyme Technology LLC
31303,Hudson
31309,Starwood Capital Group
31311,Savers Inc.
31321,Gattefosse Corp
31331,Argos Therapeutics
31339,Manhattan School of Music
31345,Modern Woodmen of America
31347,Evergy
31361,Invitrogen
31367,Lafarge North America
31369,Copia Capital
31387,Liberty Lane Partners
31403,Wachovia Securities
31405,The Millcraft Group Inc
31407,ITAGroup Inc
31415,Kirtland Capital Partners
31421,Conservation International
31423,Newsweek
31425,BMO Cap Markets
31431,Festo Corporation
31435,Ashton Partners
31449,Continuum
31455,Baxter Healthcare - Speakers
31459,Lakeside Energy
31461,Opinion Research Corporation
31467,"R.W. Sidley, Inc."
31469,"Thompson, Coe, Cousins & Irons LLP"
31475,American Club - Ship Owners Claims Bureau
31487,EOG Resources
31497,Enbridge - Houston
31505,"Martin Sprocket & Gear, Inc."
31509,American Academy of Orthopedic Surgeons
31513,Oil States International Inc.
31519,Takeda Pharmaceuticals North America
31541,XOMA Corporation
31551,Marino Group
31579,"The Hobart West Group, Inc."
31581,Buffini & Company
31585,"Lexicon, Inc."
31605,Linneman Associates
31607,TechnipFMC
31615,Nokia
31621,Bentley Systems
31636,University of Denver
31638,Northrop Grumman Electronic Systems
31639,Telebrands
31642,The Mutual Fund Store
31654,Magnetar Capital
31655,Clarion Partners
31656,1st Source Corporation
31657,DeRoyal Industries Inc.
31658,BHP Billiton
31662,"Misonix, Inc."
31679,"Gallagher, Evelius & Jones"
31683,"Scott Gold "
31687,Watchguard Technologies Inc.
31692,"Richard Bonfiglio, MD"
31696,Communications Equity Associates
31704,DSW Inc.
31710,Entrematic
31717,Peregrine Pharmaceuticals/Avid Bioservices
31724,"Milestone Scientific, Inc"
31726,Beechnut Foods
31728,Blackbaud
31741,"Virtuoso, Ltd."
31743,Pomeroy IT Solutions
31745,The Grosvenor Funds
31751,Morgan Stanley - New York
31752,Teknion LLC
31755,Behrman Capital
31757,EconLit LLC
31759,XPO Logistics Inc. Supply Chain
31763,Tourneau
31767,Wheeling-Pittsburgh Steel Corp
31768,Conde Nast
31777,West Elm
31779,Task Force Tips Inc
31784,Macquarie Real Estate
31786,Navstar
31788,Yancey Bros
31790,Carol H Williams Advertising
31793,Brinker International
31795,Vision EM
31796,Primecap Management Company
31797,OSU Medical Center
31798,Gartner DO NOT USE
31801,Zeon Corp.
31809,Alliant Insurance Services / Alpharetta
31816,Cone Inc.
31820,Primo Water Corporation
31821,Regis Corporation
31830,Massdamind Records
31845,Philips
36531,World Travel Inc.
36532,Lizard Investors LLC
36535,RG Properties
36539,KarenZupko & Associates
36549,Maritz Journeys
36553,Security Capital Brokerage
36563,Simmons Inc
36570,"Lindt & Sprüngli (Canada), Inc."
36572,"Lee Electric, LLC"
36573,"8x8, Inc."
36577,MCS Biotech Resources
36578,Real Chemistry
36585,Sumitomo Corporation of America
36589,Bank of America Corp
36591,Gilbane Building Company
36593,SKS Communications
36596,Meridian Bioscience
36608,"Old Dominion Freight Line, Inc"
36610,Convergent Wealth Advisors
36614,NorthStar Clinical Communications
36615,Ray Evernham Enterprises
36624,QBE The Americas
36628,Cain Brothers
36635,Lane Powell PC
36636,Eumedic
36638,American Association of Neurological Surgeons - Conventions
36639,Weil-McLain
36651,McClatchy Interactive - Raleigh
36655,PharmAthene Inc.
36656,Republic Services
36657,Quote Account - BP
36666,Michigan CAT
36676,Stirling Energy Systems
36677,Wellness Pet Company
36680,Capintec Inc
36681,Leverage Life
36682,Federal Reserve Bank of Cleveland
36685,"Jet Charter Pool "
36687,Aaron's Inc.
36689,FTI Consulting Inc
36690,Faurecia North America
36691,SPO Partners
36694,Eye Consultants
36696,Parris Communications
36697,ESL
36701,Carefree Vacations
36703,"Maxim Health Systems, LLC"
36707,Road Rebel Entertainment Touring
36711,Lincoln Healthcare--Meeting & Events
36712,Goodrich-San Diego
36721,Michael Thorne
36722,"Private Jets Vip "
36723,TRW Automotive Holdings Corporation--Meeting & Events
36724,NCCN (National Comprehensive Cancer Network)
36728,No Limit
36729,Tufts University
36730,"CIBER, Inc."
36731,Susan G. Komen - For The Cure
36734,Enterprise Rent-A-Car Company
36750,Vuze
36753,PaulsCorp
36754,SipcamAdvan
36762,NGEN Partners
36764,Bruce Wilkinson
36774,Secure Logistics
36775,Cain Travel/ Genomic Health)
36778,Daniel Dunlap
36779,"Shook, Hardy & Bacon"
36781,Higginbotham & Associates
36782,Casper Group Inc.
36793,Tommy Bahama
36795,"ValleyCrest Companies, Inc."
36801,5AM Ventures
36806,POZEN Inc.
36807,Perricone MD
36813,Diamond Offshore Drilling Inc
36817,"Ariba, Inc."
36818,Sean John Clothing Inc
36819,Vizient Inc.
36820,"athenahealth, Inc."
36822,Caliber Advisors
36828,LFP
36831,Merit Medical
36836,"Pacific Biomarkers, Inc"
36837,World Travel Service- Group Meeting Incentives
36840,The Kim Komando Show
36841,DUP Hall Capital
36844,John Goodman
36845,TMP/Mark IV Industry
36854,Jenny Alban
36856,Elevation Partners
36857,Dow Corning HQ
36860,Barbara Franklin
36866,Sandy Spring Bank
36872,Big Vick International
36883,"Universal Meeting Management, Inc."
36886,United Therapeutics - RTP
36890,The Zach Group
36895,Telephonics
36901,The Ritz-Carlton
36902,ICF Next
36907,Cain Travel/Zayo Group
36911,Show Dog-Universal Nashville
36917,Salix Pharmaceuticals -- Meeting & Events
36919,JMP Group Inc.
36921,IMAX
36928,Stewart Law Firm
36930,Tennessee Bar Association
36932,Swander Pace Capital
36940,SMG - USE Starcom MediaVest
36941,Todd Arterburn
36956,LakeView Home Accessories
36959,Delphi Ventures
36960,Dotcom Distribution
36961,Greif Inc.
36962,Pearl Therapeutics
36964,Staging Optics
36972,Karma Foundation
36978,Talisker Corporation
36982,INTL FCStone Group - Kansas City
36994,PT3 Soft
36996,AECOM - Chicago
36997,Park Electrochemical Corp.
36998,Emax Oil Company
36999,Hendrick Auto Group
37001,Bourns Inc.
37002,Gainsco Inc.
37009,HireRight
37012,Phillip Fisher
37015,Daniel Cooper - ACCOUNT IS ON HOLD
37019,J.C. Newman Cigar Co.
37023,Stewart
37025,Gary Steele
37026,"NASA "
37027,Global Payments
37037,Thos Rohr
37044,Digital Realty
24602,"Aeroscope, Inc."
24612,Spire Capital Partners
24616,Climatic Corporation
24632,Netus PTY Limited
24634,I-Bankers Securities
24662,Bryce Corporation
24672,Advanced MP Technologies
24684,Ferguson
24688,DoNotUse/Loblaw Companies Limited
24692,Mid-Atlantic Corporate Federal Credit Union
24702,Mayer Brown
24704,Crestview Partners
24710,Romulus Holdings
24718,Pacific Real Estate Consulting
24722,Interpublic Group of Companies
24728,Verisign
24734,MPI Research
24752,Regal Beloit Corporation
24760,Fort Worth Star-Telegram
24762,Biomira Inc.
24778,Southwest Securities
24790,Serco
24800,PS Business Parks
24802,Silver Point Capital
24804,RCR
24808,"JLG Industries, Inc"
24810,Michael Waltrip Racing
24812,Gateway Casinos
24818,Loopnet
24822,"D&H Distributing Co., Inc."
24836,Medtronic - Memphis
24856,Alfred I. duPont Charitable Trust
24862,Lunsford Capital
24870,Estee Lauder Companies
24876,SPX Hydraulic Technologies
24882,DNU - Univar Canada LTD
24886,Centerview Partners
24890,"Primary Care Education Consortium "
24894,"Star Power "
24898,Grainger
24914,The Ergonomic Group
24916,CF Industries - Kelly Ekvall
24929,"Sheridan Healthcare, Inc."
24931,Berkshire Bank
24937,Knobbe Martens Olson & Bear
24963,Pilot Travel Centers
24965,TNT Fireworks
24969,Wireless Channels
25013,CareMore
25029,13D Research Inc
25041,Rock and Roll Fantasy Camp
25057,bioMerieux
25065,AT&T
25069,Chicago Mercantile Exchange
25105,Elkus Manfredi Architects
25109,Rapp Collins Worldwide
25129,CSTV
25131,New York Jets
25133,Inland Real Estate Investments
25135,Cameron International
25149,Nicor
25155,Accenting Chicago Events Inc.
25167,The Rankin Group
25177,Lytham Partners
25189,"Casella Waste Systems, Inc."
25221,Kronos Inc. (UKG)
25227,The Ense Group
25253,Susman Godfrey LLP
25263,Marketing Innovations
25265,Jim Shaffer Group
25301,Dow Chemical - Building Solutions
25305,Translational Genomics Research Institute (TGen)
25317,Metavante Image Solution
25371,FasterCures
25389,United Surgical Partners International
25395,Flint Hills Resources
25399,LE Smith
25413,Croft & Bender
25415,Duda Farm Fresh Foods
25425,Berman McAleer Inc.
25449,Schiff Hardin LLP
25461,Junk - DO NOT USE
25463,Sourcemedia
25469,Landstar
25479,Columbia College Chicago
25489,Charles River Laboratories
25497,Versant Ventures - Newport Beach
25525,Martha Furuta
25529,JM Huber Corporation
25537,Chico's FAS
25543,Group Fox
25545,Duke Corporate Education - NY
25579,Equity Residential
25587,Seventh-Day Adventist Church
25589,Wells Fargo NA-CBGG
25593,Lexington Partners
25599,Warner Music Group
25605,Smith & Nephew
25619,The McKee Group
25635,Kleiner Perkins Caufield & Byers
25639,Abraxis Oncology
25643,ConocoPhillips Corporate
25645,"C & S Wholesale Grocers, Inc."
25647,National Association of Credit Managers
25663,Sacramento Bee
25675,Rothmans Inc.
25677,"Altair Engineering, Inc."
25695,UHY Advisors/ Saint Louis
25701,Barrick Gold Corporation
25705,HRG Shire UK
25707,Allscripts
25711,Novartis Vaccines & Diagnostics
25741,Whiting Oil and Gas (Chord Energy)
25743,Medtronic - Minnesota
25747,DO NOT USE - National Grid
25749,Endurance Specialty Insurance LTD
25763,American Cast Iron Pipe Company
25765,Calloway REIT
25769,The Planning Group
25777,Nastech Pharmaceutical Company Inc.
25779,"GROWMARK, Inc."
25781,Komatsu America Corp.
25783,Elliott Investment Management L.P.
25787,"Stanton Communications, Inc."
25801,Boise Cascade
25803,Albertsons
25807,American Society of Radiologic Technologists
25809,CPI Plastics Group
25815,Emmerich
25821,Mayfield Fund
25827,Westlake Chemical Corporation
33003,Regional Business Council
33008,Columbia Artist Theatricals
33022,Travel by Claudia/VSS
33025,ADK Consulting
33028,Draeger Medical
33032,Marcus Investments
33037,Vindico Medical Education
33040,Will-Drill Resources Inc.
33041,Nexus DX
33046,Credential Financial
33048,"Blue Equity, LLC"
33050,Chicago Trading Company
33052,Windstream Communications
33055,Yates Racing
33057,SkyWire Software
33062,TCG
33066,Robert Bosch GmbH
33070,HelmsBriscoe
33071,Wausau Paper
33078,"Studley, Inc"
33079,3 Arts Entertainment
33081,Red Wing Aeroplane
33084,"National Academies of Sciences, Engineering & Medicine"
33097,Allon Therapeutics
33100,Gallagher Travel Shoppe
33102,"N.V. Perricone, MD., LTD"
33107,The Martin Agency - New York
33112,CMAC
33123,Cue Ball Group
33124,Columbus Nova
33125,Haywood Securities
33127,Suncast Corporation
33130,Mattiace Properties
33137,"TCP, Inc."
33140,Movement Disorder Society
33142,Ritchie Brothers Auctioneers Inc.
33145,Ogilvy Action
33146,Kauffman Foundation
33147,McCann WorldGroup
33148,Johnson & Johnson - Meeting & Events
33163,M Group LLC
33165,CleanTech Group LLC
33167,Las Vegas Dissemination Company
33176,Dykema Gossett
33177,Star Hotels
33198,Kohl's Department Stores
33202,United Healthcare
33204,DCM Services
33205,DLA Piper
33208,Tesol
33209,Atlas Tube
33210,Jeff Gordon Inc
33218,"American International Industries, Inc."
33219,Chilton Investments
33220,Siegfried USA
33227,CVS Health
33228,"Shaw Communications, Inc."
33229,Global Semiconductor Alliance
33230,Quick Leonard Kieffer
33231,Institute for Jewish & Community Research
33233,AdKnowledge Inc.
33237,Morneau Shepell
33238,RBC Capital Markets
33249,Shinsei Bank Ltd
33250,AM Best
33251,American Institute of Architects
33257,Bayleaf Productions
33269,NextMedia
33273,Ocwen Financial Corporation
33278,Agassi Enterprises
33282,White Cap
33283,Stefanie Padua
33286,Dick's Sporting Goods
33287,Sentry Insurance
33294,Ziff Davis Media
33304,Panasonic Canada
33307,Gordon Brothers
33319,Wilmorite Properties Inc.
33320,Dowling & Partners
33326,Ecolab USA
33328,Tower 3 Partners LLC
33331,First Allied Securities
33334,"Compass Intelligence, LLC"
33342,"F & W Media, Inc."
33352,Certa Pro Painters
33353,The Townsend Group
33359,Jack Morton Worlwide Exhibits
33364,Commercial Metals Company
33369,Newcastle Capital Management
33371,Chartwell Partners
33372,Greenough Communications
33376,Final Finish Properties
33382,Zwirner & Wirth
33391,MedErgy Health Group
33393,Constellation Energy
33397,Dr. Sergio Schwartzman
33401,Canopius Underwriting Bermuda Ltd
33404,UBS Financial Services Inc.
33419,Erickson Retirement Community
33420,CHS Inc
33422,Greg Feary
33424,Tatum LLC
33428,Skyline Equities
33430,Whitepages.Com Inc.
33431,Avista Corporation
33435,Providence College
33436,Pritchard Capital Partners
33439,IBOA International
33442,Upside Endeavors LLC
33454,"Men's Warehouse, Inc."
33456,Range Fuels
33464,Amdocs
33467,SGIM
33476,Align Technology
33479,"Caterpillar, Inc."
33481,"Darifair Foods, Inc."
33489,KPMG - San Diego
33491,MDVIP
33496,FutureBrand Worldwide
33501,"Studley New Vista  Associates "
33504,American Judicature Society
33510,The Johnny Rockets Group Inc.
33511,Celtic Pharma Development Services
33513,Allen & Company
33519,Concentrix
33527,American Kennel Club
33534,"P. Schoenfeld Asset Management, LLC"
33549,"BAE Systems, Inc."
33550,Fairborne Energy
33552,American Eurocopter Corporation
33556,St. Lawrence University
33557,Lionstone Investments
33559,ERG Resources LLC
33560,Viant Technology
33561,Ashford Hospitality Trust Inc
27823,"Chick-Fil-A, Inc."
27825,"Martin Product Sales, LLC"
27827,Mythics
27833,Syniverse Technologies
27839,Hendrick Motorsports
27853,St. Jude Medical - California
27855,"Directravel (Mahwah, NJ)"
27857,City of London Investment Management
27869,ESPN Inc.
27871,New Orleans Saints
27885,Elizabeth Christie
27899,Conrad Chicago
27903,AIG Sunamerica
27905,Enclara Pharmacia
27909,"Lee Equity Partners, LLC"
27911,"Arizona Restaurant Systems, Inc."
27917,"AmeriPath, Inc."
27933,E Strategy Group
27945,Mooring Financial Corporation
27947,Elsevier
27949,Emerson Climate Technologies Inc.
27959,Parker LORD Corporation
27963,Fifield Companies
27977,Intrawest
27985,Travel Resources
27987,Ovintiv - Calgary
27999,"Calamos Investments, LLC"
28005,Russell Investment
28013,"Brant Publications, Inc. "
28023,"Terumo Americas Holding, Inc."
28037,Ben Barnes Group
28049,Corporate Travel - Irving
28051,Bluegreen Corporation
28059,Z Capital Partners
28065,Old World Industries
28069,PMI
28073,Root Learning
28075,"DriveTime Automotive Group, Inc."
28087,ASML
28089,RehabCare Group
28095,Ag Processing Inc
28115,Oliver Wyman
28121,Playtex Products
28147,Cameron Transportation
28151,"Katrina Church "
28161,Dow Chemical
28167,ditech.com
28177,"Microchip Technology, Inc"
28179,"Signal Holdings, LLC"
28185,North Kansas City Hospital
28211,State Auto Financial Corporation
28219,Barbnet Investment Company
28223,Emerson Climate Technologies Inc./Meeting & Events
28253,Ormco Corporation
28261,Weber Marking Systems Inc
28265,The Moret Group - BizRide
28279,Cameron Mitchell Restaurants
28283,Horace Mann
28291,Wonderland Sound and Vision
28297,Henry Crown & Company
28301,El Pollo Loco
28311,Guggenheim Partners - New York
28315,Black Creek Group
28317,Sunny Delight Beverage Company
28321,IFF
28329,TM One/Mass Markets
28331,F. Dramis LLC
28333,"Doe Anderson, Inc."
28347,George Weston Limited
28357,AMC Entertainment Inc.
28363,Columbia University
28365,Entertainment Properties Trust
28375,Delta Dental of California
28383,Imperial Sugar Co.
28387,Jackson National Life Insurance - Lansing HQ
28389,Macquarie Group - United States
28391,Cerner Corp - Meetings & Events
28397,Callahan Capital Partners
28399,The HON Company
28403,Auntie Anne's Inc
28409,FedEx Canada
28415,Fitch Ratings
28421,Smiths Group
28429,Siemens Medical Solutions/Healthineers
28431,Monical Pizza Corporation
28441,LMI Aerospace
28449,La-Z-Boy Inc.
28461,John Crane Inc.
28479,"Spartan Organization, Inc"
28483,Security Capital Assurance
28489,Lion Group Inc.
28493,Travelplex/St. Louis
28495,Benefitfocus
28497,U.S. Equities Realty
28499,National Saftey Council
28523,Onex Corporation
28527,Alstyle Apparel
28529,Dhiren Shah
28535,Deloitte & Touche - Kansas City
28539,West Coast Bank
28541,"Forever 21, Inc"
28551,United Research Laboratories Inc
28557,ohh
28559,Arch Mortgage Insurance Co.
28563,Zilliant
28565,Majesco Entertainment
28573,KPMG - Miami
28581,Lettuce Entertain You Enterprises Inc.
28591,Insideseg LLC
28593,UTA - Greater Talent Network
28601,Richard Bond
28605,"Palm Tree Productions "
28637,"The Learning Key, Inc."
28641,Blaylock & Company
28643,Reservoir Capital Group
28647,Adelante Capital Management
28651,"Institute of International Education, Inc"
28653,"GO7 Brands, LLC"
28673,Werner Enterprises
28677,Direct Travel/Tony Brown Enterpises
28687,Harris Interactive
28695,Haas Moto Museum
28713,Data Systems Analysts
28719,Ascend Media
28727,Marcus Corporation
28729,Quantum Technologies
28749,Waukesha Bearings Corporation
28751,California Institute of Technology
28753,National HealthCare Corporation
9291,BioCentric
9298,GIE Media Inc.
9301,HDNet
9302,Ameris Health Systems
9304,Sky Quest LLC
9305,Colorado Studios
9308,BT Partners
9315,Brand Source
9318,Husqvarna
9319,Quanex Corporation
9320,General Dynamics Corporate Office
9325,Wesco
9328,George K. Baum & Company / Denver
9329,George K. Baum & Company / Kansas City
9334,Mountain Enterprises
9338,Tampa Bay Buccaneers
9346,"Welsh & Katz, LTD"
9347,Baupost Group
9355,Titan International
9361,"Weisman Kennedy & Berris Co, LPA"
9366,Wood Mackenzie
9375,"NextEra Energy, Inc. Use Acct. 969354"
9390,Vallejo Travel Center
9395,Dave Thomas Foundation for Adoption
9407,Spine Institute
9413,LG&E and KU Energy LLC
9425,Seminis
9430,Benedictine Health System
9434,NuCO2
9435,Marsh New York
9446,Reactor Films
9450,Commercial Vehicle Group
9455,Johnson Development
9456,Sun Angel Foundation
9457,Springall Travel
9461,"Source Interlink Companies, Inc"
9469,Mohegan Sun Resort
9474,BCBG - BizRide
9475,Schim & Company
9483,Precept Medical Communications (VMLY&R)
9495,Boich Companies
9498,BRT Realty / BRT Apartments
9516,Dayforce - Ceridian
9522,American Apparel and Footwear Association
9525,PTI Technologies
9530,Freeport-McMoRan
9531,Sun Communities Inc.
9532,Benchmark Capital
9536,Connected Nation
9538,AON Consulting/Providence
9541,Kelly Capital
9543,Jenner & Block LLC
9544,Navajo Transitional Energy Company (NTEC)
9552,US Steel Corp.
9553,"Radioactive, LLC"
9568,Aliquant
9571,James N Gray Company
9581,Mavenir
9588,Amphenol
9614,Daniel Coker Horton and Bell
9617,Andrews Kurth LLP
9626,Radisys
9629,Website Test Account
9631,Hermann Companies
9642,Detroit Pistons Basketball
9643,Mapei Inc.
9644,Lindsay Goldberg
9649,North Jacksonville Baptist Church
9656,"Corporex Companies, Inc."
9658,Checkpoint Systems
9659,Tadic
9665,FedEx Corporation - HQ
9668,LimoLink Gift Account (BizRide-20)
9679,Harbour Group
9683,Detroit Lions
9687,Financial Stocks Inc.
9689,Denver Broncos Football
9705,Roche Diagnostics
9709,Career Education
9718,University of Dayton
9720,Travel Insight Marketing
9721,"Michelin North America, Inc."
9722,Hilcorp Energy
9723,PGA of America
9728,Peak Managment LLC
9729,IDI
9730,Genmab
9735,CCA Industries Inc
9740,Business Jet Access
9745,Western NIS Enterprise Fund
9752,"Butler, Snow, O'Mara, Stevens & Cannada"
9754,Broadspan Capital
9755,Facial Esthetique
9759,TriNet
9762,Nixon Peabody
9765,Wharton School
9768,Moana Management
9769,Superior Energy
9776,"STEC, Inc"
9782,Garfield Refining Company
9793,SOFI
9794,AAR Corporation
9798,Koch
9800,EKS&H
9802,EKS&H
9804,WDG Construction & Developement
37194,Prescription Solutions
37196,ROTH Capital Partners
37210,Aura Company
37226,Stanford Center for Continuing Medical Education
37230,Husky Energy Inc.
37235,"L3 Technologies, Inc."
37249,Citadel LLC
37250,AGC Flat Glass
37251,Galactic Performance Solutions
37258,T-Mobile USA
37259,Freudenberg
37262,Saint Joseph Mercy Oakland
37266,Northwest Natural Gas
37267,AAA Miami Valley
37269,Bristol-Myers Squibb - DO NOT USE
37270,Spring Lane Capital
37273,Travelmart
37282,Desca Group
37294,"Shoe Carnival, Inc."
37299,Stratus Management
37301,Concord Travel
37305,Nazarian Enterprises
37306,HealthCor Management
37307,CTS Corporation
37311,Seagate Technology
37329,Adidas
37330,Spirit AeroSystems
37332,GDM
37334,Lansing Trade Group -- Meeting & Events
37342,Smart Technologies
37349,Aricent
37361,Baker & McKenzie
37365,United Fire & Casualty
31846,"Blum Capital Partners, LP"
31851,Edwards Lifesciences LLC
31854,Trammell Crow- Dallas
31861,Capricorn Investments
31864,"Clipper Windpower, Inc./ IA"
31866,Dominion Diamond Corporation
31875,"Barco, Inc."
31876,Einstein Noah Restaurant Group
31877,National Center for Housing Management
31880,HighPoint Operating Corporation
31881,AIMCO
31884,Multi-Tech
31886,Mitchell Gold + Bob Williams
31891,Abernathy MacGregor Group/Credit Card
31892,Gencom Group
31893,Hansens Natural Corporation
31897,Volvo Trucks
31916,Eric Sauerberg Law Offices
31920,Horizon Capital Advisors
31924,Zoll Medical Corporation
31927,Planit Omaha
31928,Pepsi MidAmerica Co.
31931,Keppler Speakers/ Meeting & Events
31934,Huttig Building Products
31939,Bell & Howell
31940,Banner & Witcoff
31946,Move Inc.
31947,Tracfone Wireless
31948,TNS North America
31950,Lathrop & Gage LLC
31953,Noble
31954,Brickell Motors
31955,Critical Mass Media
31956,KPMG - Chicago
31957,Tyco International
31959,"Reahl Events "
31961,"Pershing Square Capital Management, L.P."
31968,Ligand Pharmaceuticals
31973,Eaton Vance Management
31979,St. John Knits
31984,EnergySolutions
31986,Kenneth Cole Productions
31987,"PetroQuest Energy, LLC"
31989,"Grenzebach Glier & Associates, Inc"
31991,Transamerica
31994,Safety Syringes Inc
31997,Walmart International
32000,Egencia Canada
38970,Clifton Gunderson
38971,"QEP Co., Inc."
38978,Gardere Wynne Sewell LLP
38980,Gannett-Business
38993,"Diversey, Inc."
39011,"Patricia Industries, Inc."
39016,Altair Global
39020,Alltech Biotechnology
39027,Cartier North America
39032,Palisade Capital
39033,Embassy of Mongolia
39036,Jackson Retirement Planning
39041,5WPR
39043,Henry M. Spinelli M.D.
39047,CWD Real Estate
39052,Chartis
39056,World Travel/M&E
39059,Ingenus
39061,URAC
39062,"ACCESS Medical, LLC"
39067,Ben E Keith Company
39071,Shelter Capital Partners
39090,Newfield Exploration
39096,Mercy Housing
39097,Hunt Mortgage Group
39106,Applied Measurement Professionals
39110,Zurich Financial Group
39114,Hillman Company
39126,John Moriarty & Associates
39127,Castlelake
39128,Canaccord Genuity - Canada
39129,Intel - Meetings
39130,Pandora Jewelry
39134,Dubois Chemicals Inc.
39144,Imperial Capital
39150,Greenberg Traurig
39153,Tiger Global Management
39156,Kinnear Financial
39163,NewSpring Capital
39169,Heyman Associates
39193,M.C. Dean Inc.
39201,Sellers Dorsey
39210,"Moelis & Company, NY"
39213,Nu Skin Enterprises
39216,HighTower
39230,Akrion Systems
39231,HelmsBriscoe/Danise Brownlee
39232,Almac Group
39237,Trafelet Brokaw & Co.
39239,Jim Walman
39241,Air Lease Corp.
39244,Powermat
39247,Miracapo Pizza
39248,"Lockton Companies, Inc. - Chicago"
39249,"Lockton Companies, Inc. - Standard Traveler"
39253,University of Colorado Denver
39256,Gardner Russo & Gardner
39268,"Siemens Energy, Inc."
39269,International Psoriasis Council
39270,GLCR Inc.
39271,San Diego Union Tribune
39272,Lone Star Funds
39273,Paul Hastings LLP
39277,"Amuneal Manufacturing Corporation "
39279,"CIMA Energy, LTD."
39280,"Berger & Montague, P.C."
39284,"Paragon Medical, Inc."
39285,Anchor Stone
39293,Action Learning Associates
39294,Global Education Management
39300,Medlock Holdings
39309,Reliv International
39315,Valero Energy/M&E
39317,Abercrombie and Fitch
39321,Wealth Star Alliance
39323,Fisher & Associates
39326,Baron BMW
39333,Spirit AeroSystems/ Meeting & Events
39336,ESCO Technologies
39343,Black Knight Financial Services
39360,CoreLogic
39364,Interstate Restoration
39369,Tom Duke
39372,Shire Pharmaceuticals - Meeting/Event
39377,American Center for Law and Justice
37371,The Peebles Corporation
37374,Regulatory Affairs Professionals Society
37382,"immixGroup, Inc."
37398,"New Mountain Capital, LLC - BizRide"
37404,EMA Marketing
37408,Briomed
37411,Green Square Capital
37412,Brookfield Asset Management - Houston
37416,DO NOT USE
37422,Trafficland
37423,Towerstone
37425,Ultratrek
37426,Quintiles Transnational
37428,Ireland Presentations
37429,Mirabel Travel
37432,Wharton Dean's Office - Executive -DO NOT USE
37434,Coril Holdings Limited
37435,Lawyers Travel/SNR Denton
37437,Schlesinger Associates
37444,Robert & Connie Harding
37447,Oakleaf Waste Management
37454,Agensys - Meeting & Event
37455,World Travel/Salix Pharmaceuticals - Meeting & Event
37456,BP America Production Company
37465,Central Resources Inc
37468,Natural Gas Partners
37469,Jennifer Villa
37470,Larry Penninger
37471,AdvanceU Travel (MEI)
37476,Hero AG
37488,Cabrera Capital Markets
37489,AchievaMed FKA SynerMed Communications
37495,Warburg Pincus
37496,Hewlett Packard - Meeting & Events
37500,"CompuCom Systems, Inc."
37501,Levy Restaurants
37505,World Meetings Plus Inc
37506,The Boler Company
37508,Hendrickson
37516,TELUS
37517,"Michael J Costello MD, PA"
37520,CastleArk Management
37525,Cirque Du Soleil
37530,Brady Corporation
37532,Synthetic Genomics
37539,CB Richard Ellis - Minneapolis
37541,Frost Van Den Boom & Smith PA
37542,USDA
37546,Lone Pine Capital
37547,Reilly Pozner LLP
37548,Google
37556,TBA Global Events
37559,SemGroup/Meetings and Events
37560,Kroll/San Francisco
37570,"Celldex Therapeutics, Inc."
37578,Wos & Wos Development Corp.
37580,Turnaround Management Association
37584,Amway Global Marketing
37589,Learfield Sports
37594,Oracle
37624,Siemens Hearing Instruments
37634,Penn State College of Medicine
37639,AdvanceMe
37645,Poc Communications
37648,Grand Prix Tours
37653,Bimbo Bakeries
37656,AFAM Innealta Capital
37657,YPO
37664,Europa Sports Products
37667,CogniMed
37684,Wolfcreek Energy Group
37687,Tranzact Information Services
37689,"Ace Relocation Systems, Inc"
37697,Practical Energy Solutions
37698,Nature's Path Foods
37706,Heartland Foundation
37707,Columbia Distributing Company
37710,Valley Bank
37713,Heartland Health
37744,"Paragon International, Inc"
37745,Underwriters Laboratories
37751,Wyndham Jade Travel
37770,Alteer Corporation
37780,Bryan Cave Law Offices
37782,Great White Shark Enterprises
37787,Walmart Special Services
37798,Rovi Corporation
37800,Chan Healthcare
37808,Family Matters
37812,Liquidnet Inc
37832,Moelis & Company
37845,Infinity Contact
37854,Brown Advisory
37858,Xanitos
37881,Time Warner Cable
37885,SNS
37888,Mark McCamish
37911,The Answer Group
37928,University of Oklahoma
37942,Sconset Group
37945,Executive Meeting Consultants
37947,IQ Navigator
37948,Gemological Institute of America (GIA)
37961,Dallas County Community College District
37965,DAK
37977,Road Rebel
37981,StoneHouse Meeting & Events
37985,alberoMED
37988,"RichRelevance, Inc."
37989,Harman International
38012,Madison Capital Funding
38013,Victor International Corp.
38030,ECA
38033,Ajinomoto Bio-Pharma Services
38038,ATP International USA
38040,Arcadis
38069,International Trip Planning Services
38070,Diebold Nixdorf
38080,VRG Capital
38090,CA Delaney Capital Management Limited
38094,"j2 Global, Inc."
38096,High Ridge Partners
38098,Resolution Capital
38103,Decision Sciences - Experian
38111,Barton Executive Search
38112,"SandRidge Energy, Inc"
38113,Nielsen - Cooperman
38118,Kanner & Whiteley
38128,SunTrust Bank
38129,Stagwell Global
38137,Loving & Company
38142,Flagstar Bank
39378,B Riley & Company LLC
39383,CC Ford Healthcare Meetings & Events
39385,Fortress Investment Group
39387,Solutia/ Meetings & Events
39391,"Carella, Byrne, Cecchi, Olstein, Brody & Agnello, P.C."
39396,The Ayco Company LP
39397,Ares Capital Management
39407,NXP
39408,Turf Care Supply Corp
39420,PSI
39424,Aflac Group Insurance
39429,"Nantz Enterprises "
39430,Hudsonville Ice Cream
39431,Dell Computers
39432,Allscripts/Atlanta Meetings & Events
39433,ADP
39438,CCA Global Partners
39440,Brian Hencey
39441,Indagare
39447,Lake Capital
39452,Teknor Apex
39460,Solar Capital
39461,Pacific Equity Partners
39468,Cleveland Indians
39469,Southern Company
39474,Travel by Claudia
39478,Xcel Energy Inc.
39482,Erica Abrams
39489,OMERS
39490,ATB Investor Services
39493,Mackenzie Investments
39494,Enstream
39499,planeclear
39500,Skyworks Solutions Inc
39503,* DUPLICATE * AGF
39506,Mike Lazaridis
39512,Projdel Corporation
39514,Mind Speed Technologies
39515,Armando Montelongo Seminars
39516,HRF Exploration
39517,Metabolic Solutions
39519,Syniverse Technologies/Meetings & Events
39529,Northbridge
39530,Morley Companies
39540,PolyQuest
39549,Millionairs Concierge
39553,BASF Construction Chemicals
39555,Ierapostlos Ministries
39556,"Window World, Inc."
39566,Burns and Roe Group
39569,The Rose Company
39572,St. Jude Medical/ Meeting and Events
39573,"Intrepid Potash, Inc."
39577,Richard Frankel Productions
39578,"Delta Tour & Travel Services, Inc."
39585,GCA Savvian Advisors
39591,Nate McMillan
39595,RJ Reynolds Meeting & Events
39597,Hovnanian Enterprises
39605,Wells Enterprises
39610,BJ's Wholesale
39620,National CineMedia
39624,Arkema Inc.
39626,Personalized Services
39628,"MacLellan Integrated Services "
39634,Highline Capital
39638,Miss America Organization
39651,Moneris Solutions
39654,Agiliti
39657,MTN
39666,NorthShore University HealthSystem
39669,Celsion Corporation
39670,GEA Group
39672,William Blair - Meeting & Events
39673,Longo's
39675,Belize Embassy
39676,WWRD Holdings
39680,Citco Fund Services (USA) Inc. NY
39685,Roswell Park Cancer Institute
39688,Meeting Solutions
39691,US Attorneys Office
39694,Charles Price
39696,ISM Associati
39702,Sky River Management
39703,Landes Group
39706,Bracebridge Capital
39710,Chumash Casino and Resort
39713,"Johnson Keland Management, Inc."
39715,MDB Capital
39721,Frank Burgess
39738,Global Renaissance Entertainment Group
39753,"Tesaro, Inc."
39754,Babcock & Wilcox Company
39756,Eminent Capital Partners
39763,Akre Capital Management
39769,Grace Pawlowski
39774,"Maxim Integrated Products, Inc."
39783,American Coalition for Clean Coal Electricity
39786,Young & Rubicam
39789,DoNotUse/Energy Capital Partners - New Jersey
39790,Royal Bank of Canada
39796,Trilogy Financial Services
39806,Apogee Physicians
39811,"Liz Claiborne, Inc."
39817,Richard Johnston Professional Corporation
39830,ICON Capital
39835,"HFF, Inc."
39849,"Callaway Digital Arts , Inc."
39853,Cami Group Inc.
39854,Saxton
39858,Admiral Insurance Company
39868,Harren Equity Partners
39888,"NuVasive, Inc"
39890,Dr Pepper Snapple Group
39891,Dr Pepper Snapple Group - Meeting & Events
39894,Spectrum Surgical
39899,Commonfund
39902,Sunset Logistics
39908,Black Point Group
39912,Lil' Drug Store
39926,Yahoo!-Sunnyvale
39935,Weld North LLC
39936,Sapphire Energy
39938,Magma Energy Corp
39949,CIM Group
39953,Apollo Group
39954,Phoenix Mercury
39957,"Sterling Event Planners of Williamsburg, Inc"
39962,Lex Mundi
39963,"Hattie Hill Enterprises, Inc."
39964,Smuggler
39970,Oasis Outsourcing
39975,Ontario Teachers' Pension Plan
38144,"Strategic Education, Inc."
38148,Tower International - Meetings and Events
38157,"Vecellio Group, Inc."
38163,PPG Industries - HQ
38164,Lonestar Texas Grill
38172,Greatwide Logistical Services
38178,Kraft Foods
38182,The Inventure Group
38183,Westward Advisors
38187,South Carolina Bank & Trust
38191,Flexis Capital
38207,Four Seasons Travel - TX
38210,Cheyenne Industries LLC
38212,Cecil Cheves
38213,Hoover Materials Handling Group
38214,Patterson Companies
38216,Sinograin Oils Corporation
38221,South African Embassy
38230,"Lubert-Adler Partners, LLC"
38232,Day & Zimmermann Group
38238,Initiative
38243,HMS Host International
38244,Australian Embassy
38252,Firmenich
38279,Frosch - Lanier Law Firm
38282,Kaydon Corporation
38283,Cogeco Cable Canada Inc.
38284,Alvarez & Marsal
38286,Festival Tours
38297,CenterStone Executive Search
38306,American Society of Transplant Surgeons
38309,Freeborn & Peters
38310,Philadelphia Eagles
38313,Rockport Capital
38314,Lucas Venture Group
38329,Buffalo Medical Group
38330,All Out Fire Protection
38336,Pergo Inc
38341,Doggett Equipment Services Group
38344,Direct Retail Partners
38349,Whittier Trust Company
38353,Kroll
38357,Center for American Progress
38361,Unifi Inc.
38362,The Alter Group
38379,Moody's Analytics
38381,Orion Energy Systems
38390,"Vi-Jon, LLC."
38406,PureSafety
38417,"Arrow Magnolia International, Inc."
38419,Virtustream
38420,Iris International
38421,Space Energy Group
38430,AAA/Carolinas
38431,Harman International
38441,ALLETE Inc
38483,Tos Farms Inc
38490,Vacations by Design
38494,The Johnson Meetings Group
38496,The JB Ashtin Group - Speaker Bureau
38524,"Vocera, Inc."
38534,Scale Venture Partners
38537,Icon Ventures
38543,Ocean West Capital Partners
38544,Windsong Brands
38552,Aronson Johnson Ortiz Partners
38563,"LG Electronics U.S.A., Inc."
38566,Sunlight Express
38569,Householder Group
38581,DO NOT USE - Wharton Dean's Office - Business
38585,Jetscape Services
38590,Haverford College
38596,Bellus Health Inc.
38598,Pindler
38612,AS Solution
38617,Talking Point Inc.
38624,USE ACCT 27267 Blue Cross Blue Shield - Southfield
38633,United Technologies Corporation
38636,Western National Group
38638,mcgarrybowen
38652,"American Eagle Outfitters, Inc."
38654,Mindy Ramirez Enterprises
38660,Bancroft Associates
38666,"Zep, Inc."
38675,"Open Skies Travel, Inc."
38676,MatlinPatterson Global Advisers LLC
38686,Vanbarton Group
38692,KCI Technologies
38702,Hays PLC
38704,Sharp Clinical Service
38705,"Advisor Group , Inc."
38706,"Coach, Inc."
38713,Weakly Properties
38716,Lockton Affinity
38721,Russell James Ellis
38725,Northrop Gruman Sperry Marine Division
38729,GL Noble Denton
38734,Vietnomics LLC
38741,Nexen Inc./ Meeting and Events
38744,Renaissance Monkey
38745,"Drug Free America Foundation, Inc"
38748,Bradford White Corporation
38765,Mariner Investment Group
38767,Broadwind Energy
38774,"BISSELL Homecare, Inc."
38781,New Jersey Devils
38794,Vision Matrix
38796,Egencia Meetings & Incentives
38799,Access Public Relations LLC
38803,"AGC America, Inc."
38804,BioCryst Pharmaceuticals
38808,Ketchum - Headquarters
38810,Stamats
38816,Event Journal Inc.
38817,Enterprise Products
38818,Talecris Plasma Resources/ME
38821,Randstad / Source Right Solutions
38822,The College Network
38825,Wehco Media Inc
38826,Alterra - Bermuda
38830,Crosby Marketing
38832,M.O. Air International
38838,Pallgesia Associates
38846,Bunge North America
38847,"DFine, Inc."
38852,APQC
38861,Peter Johansson
38866,Edward Jones
38867,Childrens Miracle Network
38871,Luxottica Group S.p.A
39977,G & W Laboratories Inc.
39981,Michael S. Johnson
39990,PQ Corp - Joliet
39993,Ashland LLC - Board Meetings
39995,Conference Event Management
39996,Seaport Global Securities - New Orleans
39997,Starwood Hotels & Resorts - Meetings & Events
40000,Sungard Availability Services
40002,*DUPLICATE* East Coast Institute for Research
40005,eviCore healthcare
40010,Piper Sandler - Roadshow
40035,Charleston Southern University
40036,Ipsen
40038,Toyota Motor N.A.
40047,Mount Brilliant Farm LLC
40055,Garrison Investment Group
40056,PerfectServe
40063,STM Associates
40065,Volvo - Meetings/Events
40079,FDG Associates
40090,Merit Energy
40093,Central Pacific Financial Corp
40102,HR Policy
40105,Polymer Group Inc.
40109,Axa- Advisors
40114,DO NOT USE - Sonepar USA
40115,Rockpointe Corporation
40118,ArtPrize
40127,Zebra Technologies
40130,Seftel Productions
40139,"Welsh, Carson, Anderson & Stowe"
40141,Baptie & Company Inc
40143,"Shamrock Capital Advisors, LLC"
40144,American Ultraviolet Company
40149,Benihana Inc
40152,Gentex Corporation
40154,CFA Institute
40161,FCX
40166,KidKraft
40172,PRC
40173,DENTONS
40176,Chi Chi LLC
40183,Garnett Station Partners
40185,Organic Ranchers North America
40186,Dun & Bradstreet - Meetings
40187,New Chapter
40189,Canary Hotel
40209,Ally Financial
40220,Corient
40223,Brampton Engineering Inc
40230,The Ritz-Carlton
40239,Avantium
40242,United Bank
40243,OGE Energy
40244,Building and Land Technology
40254,Trinseo
40260,Fresh Face Media
40263,"Via Feliz II, LLC"
40274,CB Richard Ellis - Toronto
40284,OTO Development
40288,Westport Innovations Inc.
40289,Crate & Barrel
40291,de Novo Alternative Marketing
40293,Leslie Guthrie
40309,J.G. Boswell Company
40311,"VMWare, Inc."
40315,WGN-TV
40338,Cohen & Company
40347,Kerndt Brothers Savings Bank
40348,International Air Transport Association
40360,Mary Jo and Stephen Schuler
40369,Scotsman Ice Systems
40371,SCI Management/California
40386,Advanced Drainage Systems
40389,Verizon Telecom-September Sonic Boom Event
40393,Gradient
40394,Terroir Capital
40395,Web Works Internet Marketing
40396,Analytical Graphics Inc.
40400,Lone Survivor Foundation
40408,Marquette Transportation Company
40409,MKTG Inc.
40411,Emerald Performance Materials
40414,CI Events
40419,Harvard Energy
40423,Shepherd Insurance
40425,Knoll Ventures
40431,Lockton Companies International Limited
40435,Panorama Capital (do not use)
40459,EQT Corporation
40460,Otsuka Pharmaceuticals
40464,Akamai Technologies
40474,Blair Fleming
40484,"Automated HealthCare Solutions, Inc."
40486,Corporate Executive Board
40487,Passport Capital
40488,HCL America
40491,Hersha Hospitality
40502,Kirk for Senate
40519,Searchlight Capital Partners
40529,Alliant Insurance Services
40538,Won't He Do It Ministries
40540,Express Scripts
40548,Texas Tech University
40550,Cornerstone Building Brands
40551,Vesuvius
40560,Case-Mate
40561,Aspire Brands
40562,Louisiana Machinery
40563,C.A. Technologies
40567,Kershner Environmental
40569,Lawyers Travel/Quinn Emanuel
40575,CoreLogic - Meeting & Events
40576,RDP Solutions Inc
40578,James Event Productions
40579,Mungo Homes
40584,PharMerica Corporation
40592,"BlackRock, Inc. - Philadelphia"
40593,John Berggruen Gallery
40596,Alterman
40597,Kalypso
40609,Warrior Met Coal
40616,PCI
40617,Gannett USCP
40619,Protective Insurance (Baldwin & Lyons)
40626,Global Events
40648,Accolade LLC
40654,Chicago Cornea Consultants
40657,DBF Associates
40661,Longbranch
40665,Frosch Travel - Burlingame
40666,Knightsbridge Advisers
40670,FirstEnergy Corporation - Meetings & Events
35191,Coakley & Williams Construction
35192,Grunley Construction Company
35194,American Kidney Fund
35202,Watson Wyatt & Company Holdings
35204,CAE Online
35208,AMA Capital Partners
35214,BrightSpring Health Services
35215,Managed Healthcare Associates
35216,The Boston Consulting Group - Miami
35217,Circle K
35227,Plexus Capital
35228,"Cohu, Inc."
35229,P2 Energy Solutions
35231,"AutoNation, Inc."
35237,Eileen Murray
35252,Canadian Meeting Professionals
35256,"Alliance Beverage Distributing Company, LLC"
35258,Kaiser Permanente
35264,Live Strong Foundation
35268,GMR Live Marketing
35271,Alcatel-Lucent Canada
35280,ghSMART
35285,Synta Pharmaceuticals Corporation
35290,Travel Store - Irvine
35291,Quaero Corporation
35293,Aviat Networks
35314,SB Energy
35322,Hospital Corporation of America
35328,Duff & Phelps - DO NOT USE
35329,Chrysler (Stellantis)
35331,Union Pacific Railroad
35332,Pharmaca
35338,Juniper Networks
35346,Morgan Stanley - Hong Kong
35354,Aptitude Health
35357,Capitol Concierge
35372,Allstate Insurance-Bothell WA
35373,Johnson Controls NOPE
35378,Zerosmoke NA Inc
35379,Razorfish
35381,Kansas Speedway
35382,Marquest Asset Management
35384,New Light Church
35393,Adobe
35394,Mud Creek Baptist Church
35395,Molina Healthcare Inc.
35403,Fisher Kanaris PC
35409,CallisonRTKL
35412,MovieCID
35425,The Troon Group
35427,Barilla
35433,Silverstone Group LLC
35435,Bayer CropScience
35451,"King Enterprises "
35456,Lubrizol
35459,BUA LLC
35460,LEVIEV
35461,James Drury Partners
35470,Public Financial Management
35474,Microchip Technology
35475,Inland NW Health Services
35478,S&J Construction Co Inc
35496,Lieberman Research Worldwide
35499,Frontier Growth (Frontier Capital)
35500,USA Hosts/ Circa AZ
35512,QRI
35515,Renal Physicians Association
35520,Burgundy Asset Management
35521,Main Street Capital
35523,Deloitte & Touche
35525,Ohio Society of CPA's
35529,Technisource
35530,McKee Foods
35533,Williams Scotsman
35540,SunPower Corporation
35544,DecileTen
35545,Boeing - McNerney
35549,Farmers New World Life Insurance Company
372877,DO NOT USE - KR Capital Management
373128,Qualcomm Corporate
373216,Accenture/Advance
373381,Oakland Law Group
373437,Boeing Company/Oklahoma City
373503,Oceus Networks
373610,Goldman Sachs Gao Hua Securities Company Limited
373635,Guidant Global
373671,BRI Partners LLC
373815,Pantheon Ventures
373848,LXR Travel
373925,Yamaha Motor Corporation USA
374019,Pamlico Capital
374040,Mirand Response Systems Inc
374077,Personalized Services-BizRide
374200,Cool Creek Chiropractic
374266,Pietragallo
374284,Groupon Inc.
374349,California Nurses Association
374440,Macys/Meetings & Events
374633,Cereplast
374654,La Curacao
374831,Alien Technology
374935,GolfTEC
374945,"Advanced Wealth Advisers, LLC"
374950,Egon Zehnder
374957,Inception Science
374978,"EDJ Associates, Inc."
374980,"EDJ Associates, Inc./Meetings & Events"
375482,Banfield Pet Hospital
375486,Cushman & Wakefield / Houston
392924,"Pacific Drilling Services, Inc"
392952,Sporting Kansas City
392982,St Cloud Capital
392989,Renova Group
392998,United States Equestrian Federation
393093,Sungard Availability Services/Human Resources Dept
393234,Intersport - Meeting & Events
393269,Dessange Group - North America (Fantastic Sams)
393279,Linde
393336,Green Dot
393524,RPX Corporation
393641,Baker Sterchi Cowden & Rice
393683,Sara Tucker
393695,"Quality Supply Chain Co-op, Inc"
393783,Donald M. Leebern Jr
393808,"Baltek, Inc."
393810,"Parkway, Inc."
393835,Robert W. Baird
393880,DoNotUse/Netapp
393895,Intersport
393922,Financial Counselors Inc
393932,Jaynie Studenmund
37055,Wilshire Associates
37059,"Cox Castle and Nicholson, LLP"
37070,SAP Canada
37074,Bruster's Real Ice Cream
37075,IESC
37080,"Prentice Capital Management, LP"
37083,YouFirst Sports
37086,Chicago White Sox
37091,"Marchex, Inc."
37094,Dow Chemical Corporate -- Meeting & Events
37098,Fuse Capital
37099,Altair International Travel/ Personal trips for Agents
37101,Clairvest Group Inc.
37102,Fenwick and West LLP
37103,Alliance Healthcare Services - Meeting & Event
37106,Performance Fibers Holdings
37108,"Bright Business Media, LLC"
37112,Russell Reynolds-Santa Barbara
37114,Gibbons & Company Inc
37129,HPSI -- Meeting & Events
37134,Sun Trading
37148,"Garmin International, Inc."
37151,Cibus US LLC
37156,"SNBL Clinical Pharmacology Center, Inc."
37159,Beazley Group
37160,Comfort Systems
37162,DMI Music & Media Solutions/All Travel
37163,LightSpeed Research
37168,Greg Gregory
37171,Wright Automotive Group
37174,The Access Fund
37175,HUMANIGEN INC
37176,Kinlin Company
37177,Driehaus Capital Management LLC
37178,The Peterson Company
37182,Biotest
37184,Emcor Group Inc
37189,Joe's Crab Shack
37190,Kahala Corporation
40906,Gotham Artists
40914,"Cavallino Capital Holdings, LLC"
40916,Brandywine Global Investment Management
40922,Institute for the Future
40923,Everwatch Financial
40924,Peak Performance Services
40946,"World Travel Service, Inc. - Meetings & Events"
40949,Accenture/Meetings & Events
40956,"The Riverstone Group, LLC"
40961,Uni-Pixel Displays
40965,Endocyte Inc.
40968,Cameco Corporation
40969,"Marden-Kane, Inc."
40980,UCB
40987,"Christine A. Peat International, LLC"
40989,JWF Industries
40991,Hamlin Capital Management
40998,The Wall Group
41011,Sun Chemical
41012,"AngioDynamics, Inc."
41014,Afton Chemical
41021,Synecor LLC
41028,Jackson National Life Insurance - Nashville
41029,Moody Rambin Retail
41033,Maquet
41034,Galbut & Galbut PC
41035,Greenberg Gibbons Commercial
41044,Time Inc.
41049,Rosenthal Collins Group
41051,"AT-RISK International, LLC"
41053,Werfen
41059,Thompson Street Capital Partners
41061,"Alcon Laboratories, Inc. - Meetings & Events"
41062,V&M USA Corp
41064,Carilion Clinic
41070,Dirk Allison
41074,Greene Tweed & Co
41082,Coventry First
41085,Barksdale Management
41093,Evercore
41098,"Academy Sports & Outdoors, Ltd"
41100,TD Ameritrade
41103,FremantleMedia
41108,Calpine
41125,Living Essentials
41128,Big Fish Games
41136,Corporate Relocation
41154,Yada Systems
41160,Bracco Diagnostics
41161,TransDigm Group Inc
41186,Alice Wright
41187,Deborah Olinger
41191,West Virginia University
41192,Michigan State University
41193,"Steffen Management, LLC"
41194,Damion Wicker
375825,WayPoint Property Group
376034,Covenant Surgical Partners
376120,Fireman Capital Partners
376185,Boeing - Japan
376284,DuVine Adventures
376335,KBS Realty Advisors
376463,KBS Capital Markets Group
376545,Lin Yoke Seetoh
376672,AeroDynamics
376710,SYNNEX Corporation
377210,Solstein Capital LLC
377273,Acushnet
377292,Glidewell Laboratories
377333,USE ACCT 27267 Blue Cross Blue Shield of South Carolina
377409,French Lick Resort
377434,FirstMark Capital
377711,CIC Partners
377746,Diplomat Security
377754,Saatchi & Saatchi
377793,Widener University
377848,NXT Capital
377892,Harvard University
378009,Flotek
378021,Tom Schoewe
378025,Onni
378109,"MIPS Technologies, Inc"
378170,Simulyve
378288,Chief Executives Organization
378297,Vayner Media
378421,Bridgeport Realty
378438,"Timothy Corrigan, Inc"
378461,Intellectual Ventures
398890,Alterra Power Corp.
398924,*DNU* Vertex Meeting Management
398943,Westfield Group
399017,USA Compression
399030,Vesalius Ventures
40671,Tulare County Retirement
40672,Emory University
40675,Capsicum Group
40679,Altis Marketing
40686,Hall Capital Partners
40692,"Cannon Heyman & Weiss, LLP"
40695,Keno Auctions
40698,Juneau Exploration
40700,The DMC Group
40709,Virginia Elkins
40715,Learning Curve Brands Inc.
40717,Balekian Hayes PLLC
40722,FBR Capital Markets Corporation
40735,Columbia Sportswear
40742,Paramount Business Jets
40744,The Hinman Company
40745,Global Risk Capital
40746,Continuous Health
40747,Fujitsu America
40748,Allegro Travel Inc
40768,Global RCBI
40769,Bert Smith & Company
40773,Williams & Connolly
40777,Preferred Care Partners Inc./Corporate
40778,Preferred Care Partners Inc./Personal
40782,"CRC Industries, Inc."
40784,Nationwide Equipment
40786,Vista Equity Partners - San Francisco
40797,Huawei Technologies
40804,Valhalla Partners
40805,Coloplast
40806,"Vizio, Inc."
40810,Walter Meier Ltd.
40816,New Enterprise Associates
40817,World Zionist Organization
40822,Chrysalis Foundation
40825,K&L Gates
40826,Kaspersky
40827,"Medical Communications Media, Inc. - Meetings & Events"
40830,Insperity
40834,"inVentiv Health, Inc."
40835,"Mersana Therapeutics, Inc."
40836,CohnReznick
40840,"Edelman Financial Services, LLC"
40841,Montreal Canadiens
40852,Strickland Insurance Group
40853,Safeguard Scientifics
40857,CapStone
40867,Solace Systems
40882,Beacon Maritime
40883,University Of Wisconsin - Anthony Travel USE Account 458827
40884,Raychon LLC
40885,1 Nation Music Inc.
40892,Dorrit Bern
40899,Aveva Drug Delivery System
40902,Segal Mc Cambridge Singer & Mohoney
378695,Hansons Window Company
378698,Dubois Regional Medical Center
378831,Kelly Meyer
378851,Weill Cornell Medical College
378880,Cypress Equities
378900,Wood Group Well Support
379058,PrO Unlimited
379421,Young Presidents Organization
379536,Cincinnati Insurance Company
379569,Cohen Kennedy Dowd and Quigley
379597,Lance Sandman
379675,Buddy Piszel
379713,Hy-Vee Food Stores
379803,Precision Drilling Corporation - Calgary
379817,Storck USA
379972,Owl Creek Asset Management
380165,"LiveOps, Inc."
380183,HMS Global Maritime
380230,Coastal Energy
380236,MidAmerican Energy - Meetings and Events
380268,Samsung
380277,Mexico Pacific Limited - MPL
380282,Cartus/PwC
380320,Ken Lombard
380392,National Center for Civil & Human Rights
380459,Denning & Company
380568,Margaritaville Holdings
380572,Lewis Rice & Fingersh
380591,Quality Drivers
380715,Stephen Angel
380722,Darden School of Business
380726,"GTB Agency, LLC"
380734,Geoffrey Moore Consulting LLC
380760,Bacardi USA/Meetings & Events
380777,Oak Hill Advisors - London
380822,David Chapla
380938,Foster Wheeler USA Corp.
380965,DO NOT USE - Driven
381005,Buchanan Ingersoll Rooney Fowler White Boggs
381273,EnerVest
381289,Abernathy MacGregor Group/Invoice - USE ACCOUNT 31891
381480,QuinStreet
381483,Moon Capital
381682,"Spell Capital Partners, LLC"
381691,Brandt Tractor
401686,Thoratec Corp
401717,Entropic Communications
401746,Joho Capital LLC
401763,Expertise Solutions
401792,Watsco
401805,Colucci & Gallaher
401808,Particle Arts Entertainment
401812,Fundtech
401920,"Anton, Collins, Mitchell"
402048,J.S. Ventures Inc.
402159,"Arthrex, Inc."
402242,Stun Creative
402244,RFP3
402316,Wolverine World Wide
402332,Nansen Saleri
402346,Bond Street Travel
402428,"Flaum Management Company, Inc."
402452,Mark Zamerowski
402461,RiverNorth Capital Management
402534,Closure Systems International
402542,Matthew Rubel
402645,Corbian Biotech
402658,Nuwest Group
402665,Satori Capital
402747,Mrs. Fields Famous Brands
402755,Heineken USA
402818,The Travel Store - Independence
402833,American National Insurance
21496,"Diversified Corporate Resources, Inc."
21497,NCH Corporation
21501,Travel Master Inc.
21506,Somera Ventures
21508,TQ3 Navigant/Saint Louis MO
21513,Zeno Group
21520,PCL Solar Constructors USA Inc.
21521,KPMG - Corporate
21523,Kayem Foods
21526,Diplomat Travel Agency
21529,HBO
21530,Mutual of America
21531,GameStop Corporation
21532,Umpqua Holdings
21534,Nouveau Capital
21535,John Hagee Ministries
21538,Ramsey Solutions
21540,CBOT
21548,Cerberus Capital Management
21549,Argent Management LLC
21553,Designing Solutions
21559,Fifth Third Bank / Rosemont
21560,EGT Inc.
21562,Family Legacy Inc.
21570,The Leading Hotels of the World
21574,Petroleum Traders Corporation
21577,US Central
21580,Clough Harbour and Associates
21581,Motricity
21582,Philadelphia Flyers
21583,CH Enterprises
21584,Ultimate Electronics
21589,Syniti (BackOffice Associates)
21590,Ensco
21612,Sacramento Kings
21615,Biogen Idec
21623,Radian Group Inc.
21626,Toll Brothers Inc
21627,Quiznos
21628,The Marcus Foundation
21634,Hoar Construction
21649,Abercrombie & Kent Inc.
21654,Ferro Corporation
21655,LifePoint Health
21660,American Capital Strategies Ltd.
21663,IBM New York
21665,US Weekly
21681,Richard F. Schaden Law Office P.C.
21689,"American Financial Group, Inc."
21706,Haskell Company
21726,Bergstrom Chevrolet
21728,Sageview Capital
21738,Accenture (GGA & CWT bookings only)
21768,RBC Bank
21778,Schnitzer Steel
21794,Computershare
21806,Sterling Partners
21812,The McClatchy Company
21818,Verifone
21820,Ayzenberg
21834,Meese Orbitron Dunne Company
21880,Deloitte & Touche - Chicago
21894,DoNotUse/Lazard Freres & Co LLC
21898,Brown Gibbons Lang
21938,Standex International Corporation
21944,Value City Department Stores
21946,KKR Capstone
21958,Diamond Foods
21966,RSM McGladrey-Bloomington
21970,University of Iowa - Department of Athletics
21974,LaBov & Beyond
21982,National Oilwell Varco DUPLICATE
21994,Monster Worldwide
22000,Dickinson Wright
22006,Spansion
22032,Hudson Home Health Care
22050,Orthopedic & Sports Medicine Clinic of Kansas City
22056,Oliver McMillan
22070,White Mountains Insurance Group Flight Department
22076,Fox News (Fox Corp HQ)
22084,Mannkind Corporation
22118,ASG Technologies
22136,"Houlihan, Lokey, Howard & Zukin - Dallas"
22142,Harris Associates
22148,DoNotUse/One Beacon Insurance-Flight Dept.
390391,The Wilbur Group
390396,"Insight Wealth Strategies, LP"
390406,Wickwire Holm
390525,Worldview Technology Partners
390528,Verizon Wireless – West Area
390696,Carrefour
390859,Verus Global
390991,NCSA Athletic Recruiting Network
391044,Sierra West Airlines
391156,Madrone Capital Partners
391157,Tesco
391309,Walton Isaacson
391322,Apollo Management
391401,WL Gore & Associates - HQ
391426,51 Minds
391827,Najafi Companies
391923,Carla Benz
392017,Mather LifeWays
392175,Akers Biosciences Inc.
392341,First Eagle Alternative Credit
392406,Country Pure Foods Inc
392522,Gables Residential Trust
392540,Landmark Ventures
392750,Trout Group
411785,Verizon Security
411862,Caterpillar Oil & Gas
412011,Celerant Capital
412018,The Gehr Group
412024,Walton Investments
412035,David Abrams
412078,Theo Muller Group S.e.c.s.
412254,Pearson Education
412277,Delta Dental of Michigan
412335,Alkermes
412444,"Sterigenics International, Inc."
412749,Garrett Popcorn Shops
412805,Aeropostale
412840,"Clickstop, Inc."
412876,Essendant
412908,Coliseum Capital Management
412959,Josh Olshansky
413009,Associated Aircraft Group - Crew
413062,The Brock Group
413087,John Streicker
413205,Pugh Capital Management
413213,Kimberly-Clark Corporation
413221,Indeed
413258,Safeguard Properties
28757,Celtic House Venture Partners
28763,Exoxemis Inc.
28767,Siegel & Gale
28771,Hunt Oil
28773,MetLife
28791,Old Navy
28793,"Schurz Communications, Inc."
28795,Parexel Medical Marketing Services
28799,"Neurocrine Biosciences, Inc. - BizRide"
28809,University of Illinois
28811,The Integer Group
28825,Blue Chip Venture Company
28851,TeleTravel
28863,Plains Capital Corporation
28869,Nektar Therapeutics
28873,"ONEOK, Inc."
28875,"L.A. Weight Loss Centers, Inc. "
28879,Contemporary Productions
28893,Qiagen
28899,"Graybridge Malkam "
28911,Catalfumo Construction & Development
28915,The Walt Disney Studios
28921,CardioMems
28933,Aitheras Aviation Group Inc
28949,Sandvik
28975,CNN
28979,Lockheed Martin IS&GS - TimeSavers
28983,RadicalMedia
28985,Bear Stearns - Dallas
28989,TAL International
28995,Stinson Morrison Hecker
29003,Performics
29017,JTB USA - Seattle
29023,"Spirit Realty Capital, LLC"
29033,The Midland Company
29039,Pennsylvania Bar Association
29051,Lumen Technologies - Colorado
29061,Pulte Mortgage LLC
29089,Omnicia
29097,Local TV LLC
29099,Baldor Electric Company
29129,General Motors
29131,Inter Valley Health Plan Inc.
29149,"Millward Brown-New York, NY"
29161,ViaPath Technologies
29163,UBS Securities/Roadshows (Toronto)
29165,Jerry Reinsdorf
29181,"World Jet II, Inc."
29187,Covanta Holding Corporation - See Reworld
29197,Earthquake Media
29199,Mattamy Homes
29209,FreedomRoads L.L.C
29213,Magna Electronics Inc.
29219,Robert Michael Educational Institute
381768,Kepler Cheuvreux
381906,Yucaipa Companies
381978,Flite II Travel
382019,Stephen Brady
382228,Watsco Meetings & Events
382310,Burroughs Wellcome Fund
382427,RNDC
382441,Haddington Ventures LLC
382453,MTN GS
382468,Opus One
382606,eCardio
382694,Meetings & Events USA
382702,Luminator
382736,Procam Inc
382758,"Eddie Bauer, Inc."
382832,Detroit Public Library
382978,MBM Corporation
383006,DO NOT USE - Scotia Capital Inc.
383027,Towers Watson - Toronto
383121,Hunt and Palmer PLC
383122,Venture Express
383176,Do not use - Optum Headquarters
383332,Purohit Navigation
383371,KStone Partners
383664,"Insperex Holdings, LLC"
383683,Watts and Associates
383830,ADP
383951,River Capital Inc.
383975,TLO
383991,Linda Finley
384000,Dualstar
384008,PPI Technology Services
384016,SRS Real Estate Partners
384057,Werthinggton Industries
384232,Samaritan’s Purse
384319,Astea International Inc.
384392,Caravel Management
384450,Westin Atlanta Airport
404387,Curo Health Services
404390,Northwood Investors
404455,Dock Street Capital
404611,Wyndham Worldwide Corporation
404621,Nexeo Plastics
404670,PBS Coals
404676,View Point
404693,"Arbor Pharmaceuticals, Inc."
404725,Dirtt Chicago
404743,Cavium
404781,Special Olympics
404785,"Lockton Companies, Inc. - Minneapolis"
404824,Granholm Mulhern Associates
404872,Credit Suisse - New York
404949,Australian Power and Gas
405099,BASI
405356,DC London
405379,Ironshore Insurance Ltd
405430,Countrywide Homes
405576,LS Power
405593,Chemtrusion Inc
405838,Brightstar Lottery
405876,Stage and Screen-NY 1
405915,Littler Mendelson P.C.
405928,Sonic Automotive
405931,NextGen Healthcare Inc
405952,"ACN, Inc"
405978,Carolina CAT
405991,Laura's Lean Beef Company
406018,Bayer Corporation US
406094,Tata Chemicals North America
406173,Beacon E&P Company
406176,PWC - Healthcare Industries Advisory (HIC)
406216,Sands Capital
406222,Subsea Solutions
406314,Woods Hole Research Center
406405,Phillips Energy Partners
406581,"Escalade, Inc."
421357,"SBM Offshore USA, Inc"
421481,HDR
421497,Mercury Jets (Monarch Air Group)
421555,GECC
421561,Morphlabs
421617,Gulfport Energy Corporation
421634,Zelnick Media
25831,Lockton Companies - Houston
25833,HOK
25841,Great Lakes Dredge & Dock Co.
25845,Kaplan Strangis & Kaplan
25847,Eagle Materials
25859,"H.I.G. Capital, LLC. - Miami"
25861,Respironics
25879,Reese International
25881,Affymetrix
25889,We-Energies
25911,John Morrell & Company
25913,Associated Press
25915,Catherine Szpindor
25917,ADS do not use
25919,SemGroup
25923,Automated Benefit Services
25931,"Skidmore, Owings & Merrill"
25963,Austin Ventures
25981,Applied Materials
25983,EMBARQ
25987,4Life Research
25991,PNY Technologies
25997,Hoover's Online (See Dun and Bradstreet)
25999,University of Pennsylvania
26005,Centex Systems
26027,SCP Worldwide
26049,Catalyst Paper
26069,Fontbureau
26075,BASF
26077,Connor Med System
26095,Battery Ventures
26099,SC Johnson Companies
387195,Lukoil
387204,Worldwide Speakers Group
387214,OnPeak
387258,Sungard - NJ
387323,Lanza Group LLC
387483,Kirby Engine Systems Inc.
387517,"RW2 Enterprises, LLC"
387598,News Media Corporation
387606,Astonfield
387609,K Road Energy
387651,Nabors - DUPLICATE
387665,"GF Health Products, Inc"
387677,Aon Insurance Managers
387782,Rick Hodges
387910,Philip Bredesen - Personal
387914,John McCurdy
387963,Lake Point Advisory Group Inc
388000,Caribbean Pension Consultants
388020,Eastman Chemical Company/Meetings & Events
388038,Tinicum
388045,Portman Holdings LLC
388158,Sasol North America
388305,CVRx
388315,Safway Services LLC.
388329,Apptio
388338,Performance Talks
388361,Undertone Networks
388508,William Gedwed
388607,Evergreen Investments
388626,Rapid7
388682,Stewart Sokol & Gray
388793,Enterprise Holdings
388850,Educate Inc
389068,"Jackson Street Partners, LLC"
389269,Edna McConnell Clark Foundation
389301,Robert Roseman
389628,Carolina Panthers
389668,Valbruna Slater Stainless Inc.
389677,RaceTrac
389711,WL Gore & Associates - M&E
389793,Caldwell Travel/A.O.Smith Water Products
389843,Illinois Cancer Care
389975,Tetra Pak
390060,Murphy & McGonigle
390074,Russell Tepper
390096,Mike McCook
390271,Key Energy Services - Houston
390289,Endo Pharmaceuticals/Keenova
390314,Tecniplast
390335,MS&E/Workers Compensation
409477,Pine Brook Road Partners
409513,Author Solutions
409537,Slack & Davis
409554,Buffett Enterprises
409682,Zappos
409699,Total Event Resources
409830,Town Fair Tire
410026,Sachs Capital Group
410033,Approach Resources Inc
410169,MBAF
410191,The Kislak Organization
410323,Edelman Public Relations
410378,Wacker Neuson
410399,Boyden World Corporation - Chicago
410563,Decision Sciences International Corp
410568,Focus Medical Communications
410584,Frank L. Branson
410783,Office Dynamics
410800,HRG/p-value Communications - DO NOT USE
410838,Konica Minolca
410858,Alliance Healthcare Information
410896,Beazer Homes USA
410917,Hess Corporation
410946,Volga-Dnepr
410998,Encompass Meetings
411090,TLP Consulting
411202,Acton Institute
411349,Taconic Capital Advisors
411382,"Walters, Bender, Strohbehn, and Vaughan"
411442,Ducks Unlimited
411460,Feeding America
411479,Greenberg Traurig - New York
411523,Susan Forst
411574,"JPB Enterprises, Inc."
426614,BAE Systems/Nashua
426623,Balfour Yearbooks
426715,TR International
426768,Newmark Grubb Knight Frank
426919,"PixelOptics, Inc."
426935,Green Peak Partners
427068,Grubb Properties
427257,First Protocol / London M&E
427293,TruckPro- BizRide
427362,Colchester Consulting Group
427421,Emperor's Brand
427509,The Pollin Group LLC
427570,Next Level Protective Services
427959,SuccessFactors
427982,audioEngine
428169,Cornish & Carey Commercial Newmark Knight Frank
428266,Stryker Navigation
428278,American Association of Colleges of Nursing
428281,Loop Capital Markets
428298,Canadian Pacific - Meetings & Events
33562,TekniPlex Inc
33563,Brookdale Living
33564,ImagineAir
33573,The Palmer Team Inc
33575,Live Nation-Chicago
33580,Centrum Properties
33581,REDICO
33583,Emerson Process Management
33584,Oncure Medical Corporation
33585,McKenna Long & Aldridge LLP
33588,FujiFilm Holdings America Corporation
33600,Alcone Marketing Group
33602,Kaman Corporation
33603,Givaudan
33608,Agile 1
33613,MarketAxess
33615,FirstCash
33617,Getinge Group
33632,"Ikanos Communications, Inc"
33633,International Corporate Art
33637,Temple-Inland
33638,New York University
33639,IDG Enterprise
33644,"DGI Investor Relations, Inc."
33646,American Society for Surgery of the Hand
33649,Astec Industries Flight Ops
33651,R.A.F. Industries
384641,Carter Baldwin Executive Search
384646,Bollinger Ship Yards
384701,Mercury Insurance Group
384844,"Quick-Rez, Inc."
384853,River Point Farms
384911,PPM America
384969,San Diego Padres
384982,Petroquip Energy Services
385000,Barrios Technology
385006,"Allen Interactions, Inc - BizRide"
385056,University of Iowa
385064,Jessica Tyrrell
385206,"Neifert, Byrne & Ozga, PC"
385549,Roundtable Investment Partners - Meeting & Events
385894,University of Iowa Center for Conferences
385899,Crocs
385910,Freepoint Commodities LLC
385933,Hudson Advisors
385986,Pelican Advisors
386011,Macerich
386200,Glenstone
386212,"Force10 Networks, Inc."
386401,"Dot Foods, Inc."
386411,Crystal Bryant
386430,Hilton Garden Inn
386475,Technology Venture Partners
386641,Janet Clayton
386675,"Color Art Integrated Interiors, LLC"
386723,Devicor Medical Services
386737,Deseret Management Corporation
386938,Church's Chicken
387077,AMR Meetings & Incentives
387122,United Medical Corporation
387134,Strategic Partnerships Inc.
406589,West Safety Services
406727,"Adams Street Partners, LLC"
406733,Algenol Biofuels
406743,Global Cynergies
406770,Dirtt Calgary
406797,Tom Tryforos
406901,Alcatel-Lucent / Meetings & Events
407068,Vostochnaya Technica LLC - M&E
407177,BrightSphere Investment Group
407225,Mark Beder
407263,Boeing Test & Evaluation
407581,IMImobile
407875,Vertex Pharmaceuticals
407890,George Marcus
407967,Alliance Abroad Group
408008,Margolis Enterprises
408012,Texas Pipe and Supply Co
408104,Falconhead Capital
408113,The Target Group Inc
408211,Meyer Natural Foods
408292,Saagar Enterprises
408311,Pioneer Financial Associates
408382,Eris Exchange
408495,Smartmatic Services
408567,"Acucela, Inc."
408608,Federal Reserve Bank of Chicago
408705,Cincinnati Bell
408720,Prudential Shapiro and Sher Group
408738,JDA Software
408773,Sir Deryck
408803,Happy Tours & Travel
408845,Birla Carbon
408848,Robert W. Baird & Co.
408854,Bruker Corporation
408867,Biglari Holdings
408876,Amryt Pharma (FNA Aegerion)
408906,ServiceSource
408912,Enerplus
409077,Frost & Sullivan
409104,Founders Fund
409196,EMSC (American Medical Response)
424100,Spectrum Marketing
424211,Prime Healthcare Services
424289,Rueter Leasing - BizRide
424434,Landry and Kling
424602,Prairie Capital
424647,Comprehensive Financial Management
424679,William Blair - London
424763,Health Fitness Corp.
424902,EMPGI
424939,BYK USA
424941,NewQuest Properties
425112,First Majestic Silver Corp
425164,Ignite Media Solutions
425215,Lee Logan Events
425272,Edelman Financial Engines
425276,Delhaize America
425295,Petmate
425347,Stryker Corporation / Meetings & Events
425379,Beast
425395,B.E. Smith
425494,Magnitude Capital
425523,Summit Equity Group
425594,Turning Stone Resort & Casino
425626,Kestrel Holdings
425665,Global Filter
425760,"Thorntons, Inc."
425793,"Specialized Bicycle Components, Inc."
425856,Leavitt Group
425902,NeoGenomics
425967,Pegasus Global Holdings
425981,James Voss
399043,PBA Land Development
399260,Dell EMC
399345,International Association for Dental Research
399421,InPwr Inc
399459,Harlan Laboratories
399510,Golder Associates
399635,Clockwork Inc
399660,UnitedHealth Group - Corporate
399709,"Huff, Powell & Bailey, LLC"
399984,American Association of Airport Executives
399947,Brookfield Investment Management
400014,Delek US Holdings
400041,Lawyers Travel/Crowell & Moring
400045,Lewis & Munday
400155,Hanson
400171,Keppler Speakers
400175,Medical Communications Media
400278,Fisher Foundation
400384,Kimberly Hill
400609,Jenny Singer
400631,"Chemtrade Logistics, Inc."
400647,Datacert Inc. (Wolters Kluwer)
400695,Gracia Martore
400703,Encore Capital
400754,Gabriela Parcella
400829,Archway Marketing
400842,WWE Entertainment
400844,Toyota Financial Services - Meeting and Events
400902,Lyceum Agency
400907,Elizabeth Arden
401073,Microsoft Canada Inc
401076,"EZCORP, Inc."
401090,Auction.com
401104,Theranos
401247,"National Analysts, Inc."
401287,Jennifer Cultrera
401354,Paramount Farms - Meetings and Events
401400,Tony Holcombe
401416,Meeting Muse
401431,Great Cruises
401471,Ellen Kolby
401519,Lee Munder Capital Group
401521,Bartlett Grain Company
401600,Baker Donelson
418746,Spencer Stuart
418750,Pat Gorsky
418783,Centerra Gold DUPLICATE
418851,Current Capital
418935,Arizona Coyotes
418965,Numerex
419041,Argo Group International Holdings
419061,Columbia Periodontal Associates
419172,GDS Consulting
419201,Alamos Gold Inc./Meetings & Events
419209,Gensler - Chicago
419240,Gary Rich Consulting
419280,Eric Chevlen
419284,National Enzyme Company (see #1273789 Deerland)
419372,Smith & Nephew Biotherapeutics
419418,University Hospitals Seidman Cancer Center
419549,Kevin McCoy
419622,Gustavo Prilick
419626,GKV
419719,Lantech.com
419745,Altour - Boston
419813,Cequel III
419817,Cardenas Marketing Network Inc.
419894,Ogletree Deakins
419973,Wolters Kluwer
419976,Sun International Resorts
420021,"Oaktree Capital Management, L.P."
420093,Tata Consultancy Services
420144,L'Oreal USA
420155,Eastdil Secured - California
420176,Enlitened Advisory Service
420187,Acronis Inc
420334,Audax Group
420451,Opal Events
420456,Tracey & Fox Law Firm
420497,F&M Bank
420645,Kroll Bond Rating Agency
420677,Guggenheim Partners-Santa Monica
420709,Peabody Energy - Meetings & Events
420883,Arlon Group
421072,Wicklow Capital
421105,Primerica
421139,A&M Capital Partners
421218,Fish & Richardson
431939,Cincinnati Bell – Meetings & Events
431983,"Performance Fibers, Inc"
432044,Tawnya Mullins
432046,Herzog Contracting Corporation
432075,Cassidian Communications
432076,Roderick Sherwood
432124,Imperva
432217,McKinney
432335,Xperi Corporation
432453,Piedmont Healthcare
432479,Cokem International
432571,Bottomline Technologies
432696,BeyondTrust
432781,Aqua America
433196,Cree Lightning
433209,Stone Ridge Asset Management
433241,Steven Boyd
433244,Booker T Corporation
433282,University of Notre Dame - President's Circle
433296,Rhone Group
433352,Towers Watson - St. Louis
433388,Amanda Rogers
433401,Bell & Howell - Meeting & Event
433410,Bama Companies
433455,Gates Foundation
433542,Oak Hill Capital
433562,Salesforce.com
433566,NMDP
433576,Kenyon Wells and Associates
433654,Hospitality Logistics International
433680,"Rescued Horse Productions, Inc"
433724,AMP Capital
433878,Laurus Corporation
433922,Louis Campfield
434100,Sage Asset Management
434155,AKT Development
434158,Sofinnova
434164,iHeartMedia Holdings - New York
434235,"RetailMeNot, Inc."
434261,MedAxio
434280,ChildFund International
440032,Opus Capital Management
440131,"Teamamerica, Inc."
440161,Bennett Jones SLP
440195,Speedy Travel
440215,Red Light Management
393935,Five Prime Therapeutics
394069,BECU
394085,Trustwave
394121,Blue Diamond Growers
394136,Gilt Groupe
394142,"Neustar, Inc."
394180,Z-Line Designs
394205,Excelsior Medical Corporation
394367,First National Bank / Staunton
394391,Waukesha-Pearce Industries
394492,Grossman
394615,Banctec Incorporated
394626,Core-Mark International
394829,Ingenico
394833,Vaso Health Care
394887,"Sheridan Production Company, LLC"
394907,Habasit America
394984,Federal Reserve Bank of Kansas City
395022,RealD Inc
395024,Hickory Global Partners
395056,Dairy Farmers of America
395059,"SOI Holdings, Inc."
395152,Howco Group
395155,Citadel Securities
395326,Rocky Films Inc
395341,Galtere Ltd.
395398,LT Apparel
395465,Moore Capital Management SEE MCM Aviation
395507,Parsons Commercial Technology Group
395587,Greylock Partners
413755,"Grifols, Inc. / North Carolina"
413757,"Grifols, Inc. / Los Angeles"
413785,Cornerstone Chemical Company
413832,PSR Inc.
413842,DO NOT USE Marsh And McLennan
413929,"Quadrant Capital Advisors, Inc."
413950,BRP
414041,W Hotel
414067,Dr. Sumant Krishnan
414147,Belgacom Group
414362,BlackBerry - Meetings and Events
414367,Spectrum Brands
414391,Streamlinevents
414448,"OraSure Technologies, Inc."
414489,Suneva Medical
414513,Weber Shandwick - DNA
414578,Hudson Advisors - Meetings & Events
414692,Zwilling J.A. Henckels
414706,Freedom Jets
414814,Alexandria Real Estate Equities Inc. - use other acct
414982,DGAM
415106,Avigilon Corporation
415210,Sanderling Health Care
415245,Tactical Advantage Group - Meeting & Events
415283,DUPE See 40825 K & L Gates
415337,Intuit
415394,James Patterson
415467,"Streck, Inc."
415481,Hollister Inc.
415510,FTS International
415631,Agent 24
415649,Cooper Surgical
415712,Atlanta Convention & Visitors Bureau
416049,Genstar Capital
416069,Formation 8
429298,Applied Industrial Technologies
429457,Procter & Gamble/Mason
429465,Markwest Energy
429598,Columbus Council on World Affairs - BizRide
429787,Palladin Capital
429944,Timothy Mapstone
429960,theWit Hotel
430043,US Foods
430195,"Alcon Laboratories, Inc. - Corporate"
430259,Popeyes - AFC Enterprises
430346,360 Architecture
430437,Divine Sports & Entertainment
430455,InstyMeds Corporation
430581,Jones Lang LaSalle-Meetings & Events
430712,Hawthorne Machinery Company
430820,Plextronics Inc
430839,RCG Ventures
430946,Ronald Palm
430966,Dr. Imtiaz Alam
430988,Dan Lornitis
431066,"Lillibridge Healthcare Services, Inc."
431117,Nucor
431130,Smail Company Inc
431138,National Retail Federation Inc.
431376,Andrew Fox-Smith
431446,TransGroup
431589,Mater Private Healthcare
431639,Nikko Asset Management
431749,Susan Dunne
437091,Frontera Energy Corp
437222,National Realty & Development Corp
437283,Insight Direct USA Inc.
437315,NationsHealth
437356,Friends of Israel Initiative
437447,Strategic Investment Group
437484,DoNotUse/Lincoln Financial Group
437622,Oregon City Travel
437669,Great Philadelphia Tourism Marketine Corp.
437684,Oswald Companies
437722,Howard Maroz
437768,Garrett Ranches
437894,NIU Football
438132,Qivana
438156,Greycroft Partners
438218,Ranae McArdle
438362,Skype
438415,RTB Group
438447,Symbotic
438656,Research Presentation Strategies
438742,BI Worldwide
438817,Hotel AG
438839,Omnicom Media Group
438877,Ceavco
439039,Ascendant Advisors
439169,The Zuellig Group
439209,Bruce Petty
439413,Oncology Services International
439468,CPCU Society
439472,EZ VIP
439482,Solebury Communications
439487,MiMedx Group
439501,Chobani
439623,Gesele Mosey
439661,Gunnar Overstrom
439744,Insyght Interactive
439751,Sole Society Inc
439835,Iowa Select Farms
439934,Sterling Bay LLC
439945,3Stix Capital
445463,Standard Chartered
445487,Fisher & Paykel Healthcare
38873,Actelion Pharmaceuticals
38877,LHC Group
38879,Airfoil Public Relations
38880,Exide Technologies
38884,Pebblebrook Hotel Trust
38893,Summit Law Group
38897,Avison Young
38904,InnerWorkings
38909,Stephens Inc.
38911,Savant Group
38920,Levi Strauss & Co
38923,Eventmakers
38934,Novozymes North America Inc
38938,Ball Corporation
38939,Alberta Investment Management Corporation
38944,BLP Enterprises
38947,Acronym Media
38966,Bosley
38969,Oracle Corporation Canada Inc
372834,Walgreens
395611,"Wellesley Investment Advisors, Inc"
395640,Brewer Science
395655,ATEC Spine - Corporate
395670,Sharon Koshet Sales
395762,IMC Trading
395815,Sabadell Bank & Trust
395889,Norfolk Southern Corporation
395972,"LBB Holdings, LLC"
396045,Base Productions
396233,The Gorman-Rupp Company
396282,Carmichael Lynch
396306,Hays Companies
396325,Griffin Americas
396414,Advanced Arm Dynamics
396512,Bayer Properties
396542,"Natural Alternatives International, Inc."
396553,Nolet Spirits USA
396557,Arby's
396561,NPR
396584,J&A
396672,Meeting Expectations-C
396705,San Francisco Equity Partners
396714,"Grove Street Advisors, LLC"
396740,Milacron LLC
397156,National Physique Committee
397332,Oracle
397475,Permira Capital
398102,"Raymond James Financial, Inc."
398246,JLL - Dallas
398292,Neoris USA
398455,American Family Insurance - Corporate
398504,Sequoia Capital
398620,"Tyler Technologies, Inc."
398652,"Patterson & Sheridan, LLP"
398754,VictorHouse
416136,Odyssey Logistics & Technology
416140,Prime Inc
416235,Argonne Capital Group
416239,Laureate Education Inc.
416428,Partners Capital
416431,Mosey & Mosey
416568,Natixis Global Asset Management
416623,Sun Coke Energy
416636,Axcess Marketing
416642,American Beacon Advisors
416720,Eagletree Capital
416776,AES Industries
416832,Martignetti Companies of NH
416895,Carlson Capital
416995,Hillary Thomas
417016,Talyst
417073,O'Brien Automotive Team
417110,Ernesto Cruz
417187,Ronald Silverman
417194,Novare Group Holdings
417237,Numerix
417374,MWH Global
417538,"Health Communication, Inc."
417801,Franklin American Mortgage
417812,Active Communications International
418171,Elad Canada
418231,Moody's Corporation
418280,Dedert Corporation
418291,Pine River Capital Management
418304,Sun Capital Partners
418314,Guidewire Software
418346,PRGX Global
418557,Hakins Meetings & Incentives
418663,George Wurtz & Associates LLC
434452,"Primus Pharmaceuticals, Inc."
434485,Embrace Home Loans
434514,CCS Medical
434601,Verizon UK Limited
434660,Ethoca
434666,Phoenix Advisers
434708,Caesars Entertainment Corporation (Use Other Account)
434805,German May
434858,K Cottier
434874,NEX
434898,SI-Bone
435044,Gerald Glandon
435157,Riviera Village Travel
435255,Alliance for Telecommunications Industry Solutions (ATIS)
435344,Tidewater Inc
435573,DKP Designs Inc
435663,LG Chem
435667,Cantab Capital Partners
435868,"ValMark Securities, Inc"
435981,Anthony Orso
436145,Beacon Point Partners
436200,Adtran
436254,Remedi SeniorCare
436282,Richard Ulevitch
436368,Organogenesis Meeting and Events
436383,URS Corporation - Houston
436584,Peter McNally
436660,Merriman Capital
436752,Rennert Travel
436933,Canadian Natural Resources Ltd
436952,Goodrich LLC
437008,Texas Association Of School Boards
442855,CellSite Solutions
443034,LANXESS Corporation
443054,Eventus Solutions Group
443088,NMG
443184,Provenance Hotels
443201,Nero Touring
443216,Thomas Tours
443249,Symmes Maini & Mckee Associates
443276,Lollapalooza 2012
443306,Junior Blind of America
443307,Rembert deVilla
443329,Pyramid Hotel Group
443335,Rockford Digestive Health Services
443429,HRG North America
443481,Associated Bank
443565,FCm Travel Solutions backup
421711,Benchmark Electronics
421741,Somerville Partners
421947,Leon Air
422014,Koncept Events
422117,North Castle Partners
422139,Wells Fargo WBS
422158,Zuffa/UFC - Meeting and Events DO NOT USE (Use ZUFFA as account)
422248,Cengage Learning
422409,National Hockey League
422432,James A. Kohlberg
422570,Englobal Corporation
422587,RGS Energy
422593,MC Sign Company
422885,"Global Management Services, Inc"
422888,Mike Zorzy
422945,Discount Tire
422980,Celanese
423056,Dave Lindsey
423157,"The Bollard Group, LLC"
423182,Balls Foods Stores
423192,Deltex Capital
423373,Gary Zipfel
423472,Sports Media Advisors
423637,Menlo Ventures
423717,The Witkoff Group
448095,Transamerica Conference Services
448167,Bethany Hamilton Foundation
448181,MedReview
448219,Theo Zunich
448289,AH Academic Consulting Group
448530,FAM International Security
448563,Willkie Farr & Gallagher LLP
448698,Samson Resources
448719,DUP - Talisman Energy USA
448742,Pioneer Energy Services
448812,"Viscira, LLC"
448827,Media Storm
448871,PMC
448877,Nayvadius Wilburn
448920,CameoWorks
448988,General Atlantic
449050,SEE USCCB
449137,Kathy Tachias
449203,Bill Campbell
449258,Trans Group
449262,B.A.F. Management
449293,Boss Street Inc
449316,Carbonite
449388,Synergy Life Science Partners
449401,Business Talent Group
449471,MonaVie
449571,SMC Law
449614,Legacy Venture
449621,Mossman Lawfirm
449731,"Anchorage Capital Group, LLC"
449782,Dendreon Corporation
449983,Five Below
450031,Alston & Bird LLP- Menlo Park
450086,Mediaocean
450173,Clinical and Laboratory Standards Institute
450223,NexBank
450403,Sundance Energy
450535,Boys & Girls Clubs of America
450544,Hewlett Packard - Master Account
450672,Trader Joe's
450676,Stay Classy
450712,Jassin Consulting Group
450713,Flad Architects
450717,Vermeer Corporation
450719,Family Heritage Life Insurance Co. of America
450723,Nexiant
450725,Alternative Distribution Alliance
450726,"Intralinks, Inc."
450731,LipoScience Inc
450732,Mercury Healthcare
450747,United States Small Business Administration
450751,O.K. Industries
450753,Washington Duke Inn & Golf Club
450754,Argent Property Co.
450756,Valentino USA Corp
450757,"Furnished Quarters, LLC"
450770,Emergency Travel Service
450772,Omni Capital
450773,"HearUSA, Inc."
450774,RideSafely (Headquarters)
450775,"Wert & Company, Inc."
450776,McCullough Campbell & Lane
450777,Ply Gem Windows
450780,Fletcher Asset Management
450781,Swedish Physicians Division / Swedish Medical Group
450782,Tucson Medical Center Healthcare
450783,Petrocom Ventures
450784,Infowave
450786,Crawford Advisors
450788,Encore Enterprises
450798,American Health Care Association
450799,"Association of National Advertisers, Inc."
450803,Holland & Knight LLP
450805,NJ Travel Industry Association
450813,Insurance Auto Auctions Inc.
450836,CCS Construction Staffing
450837,XL Construction
450838,"Plant Construction Co. "
454562,AMR Corporation
454580,Inglett & Stubbs
454582,Stanley Black & Decker
454583,Millennium Health - BizRide
454584,IMI Association Executives
454587,C Spire
454593,Ann Wallin
454594,American National Bank
454596,Architects Delawie Wilkes Rodrigues Barker
454600,Amarin
454602,"RLM Public Relations, Inc."
454603,Security Finance Corporation of Spartanburg
454604,Applied Research Corporation
454605,Hi-Tec Systems
454607,TD Securities
454609,Baird
454610,Pittsburgh Pirates
454612,Delta Regional Medical Center
454613,Enervest   dup
454616,Mike McCook
454617,"AMN Healthcare Services, Inc."
454626,"Terremark Worldwide, Inc"
454637,Jade-Sterling Steel
454638,Easter Seals Inc
454663,Dreyfus Corp
454665,Iscential
454668,Ehrlich Distribution
454673,Geneva Merchant Banking Partners
454675,Exact Software
425999,RGK Entertainment Group
426063,Pritzker Private Capital
426110,David Denton
426448,Porter Novelli
450847,AIT Labs Duplicate
450849,"Datacraft Solutions, Inc."
450852,Bain Capital Do Not Use
450853,World Golf Foundation
450858,Ventana Capital Management LLC
450866,MASSACHUSETTS FIN SVC
450878,Ariens Corporation
450883,Nooter Corporation
450897,Peet's Coffee
450910,Baker Hughes
450916,A J Manufacturing Inc
450921,Trans Associates
450923,James Avery
450926,Warmington Homes California
450932,Orthovita
450934,PlattForm
450945,"Pullman & Comley, LLC"
450946,Viseon
450953,Southwest Energy Co.
450954,Fulbright & Jaworski LLP
450956,Garofalo Goerlich Hainbach PC
450962,Continental Resources
450980,Haynes & Boone
450981,Telecare Corporation
450983,Resource Interactive
450986,Nelson Mullins Riley & Scarbourgh
450987,Momentum Worldwide
450992,Lippe Taylor Brand Communication
450997,Micropulse Inc
450998,Academy of Motion Picture Arts and Sciences
451000,Total Financial & Insurance Services Inc.
451001,"Northstar Aerospace, Inc."
451015,Arrowhead Research
451016,Gateway Inc
451032,ActivIdentity
451035,Curbell Inc.
451037,Invista
451041,Oxford Global Resources
451044,The Baltimore Sun Company
451048,Berg & Androphy
451056,"Del Mar Asset Management, LP"
451062,Elmore Sports Group
451070,University of Wisconsin-Whitewater
451072,"Patricia Stevens, Inc"
451077,"Gucci America, Inc."
451097,Casey Capital Corp
451103,Strategic Economic Decisions (SED)
451104,North American Energy Partners
451108,"Armor Metal Group, Inc"
451110,"InvestGrow, Inc."
451111,"Bergdorf Goodman, Inc."
451112,LifeCycle Pharma
451113,Deskey
451114,Allegis Group Canada
451115,On 2 Plan B Ltd.
451118,Dominion Corporation
451120,Aquilini Investment Group
451121,IPC Acquisition Corp
451122,Alex Lee
451124,Bloomfield Hills Financial
451125,Murdock Capital Partners
451126,NexInnovations Inc.
451129,First Place Bank (duplicate)
451135,Turtle Wax Inc.
451137,Hoover Foods
451140,Vertrue
451142,Foley & Lardner LLP - Detroit
451151,Transwestern Commercial Services
451155,Pacific Life Insurance Company
451176,Navvis & Company
451180,Coe College
451182,Nancy J. Whaley Chapter 13 Trustee
451185,American Foundation for AIDS Research Inc.
451186,newegg.com
451187,"Hefter, Leshem, Margolis Capital Management"
451193,Mothers Parker's Tea & Coffee Company
451194,JB Cumberland PR
451196,Point Blank Solutions - BizRide
451197,"Five Paces Ventures, LP"
451205,FNX Mining Company Inc.
451206,"DPR Construction, Inc"
451207,Belz Enterprises
451215,University of Northern Iowa
451219,Acacia Venture Partners
451223,Belden
451225,Health Care Logistics
451227,McGuire Woods LLP
451229,Vanda Pharmaceuticals
451231,"Meijer, Inc."
451239,"L Brands, Inc."
451252,Zuora
451256,Eckelkamp Kuenzel LLP
451257,BrandExtract LLC
451264,"Condrey & Associates, Inc"
451265,Independent Electricity System Operator
451268,New York Angels
451271,Westmar Consultants
451272,Roy Anderson Corp.
451275,Echo Global Logistics
451276,Faircourt Asset Management Inc.
451277,Roynat Capital Inc.
451278,Seacoast Capital
451282,The Terlato Wine Group
451287,"Clarion Capital Partners, LLC"
451289,IDB     (Inter-American Development Bank)
451291,Southern Wine & Spirits of America- Miami
451300,"School Specialty, Inc."
451314,C2G/Lastar
451316,Federal Home Loan Bank of Cincinnati
451318,Scyfix
451320,The Vons Companies Inc.
451324,Ultralife Corporation
451328,"Comodo Group, Inc."
451331,Rio Energy International
451332,The Malcolm Bryant Corporation
451336,CWG
451337,SunOpta Inc.
451340,The Burlington Group
451344,"Newlight Capital, LLC"
451362,Vivus
451365,Plymouth Tube Company
451368,American Tower Corporation
451369,Rigel Pharmaceuticals
402935,Intermedia
402942,The Papé Group
402952,Sports 1 Marketing
402987,Cogeco Data Services
403070,Redburn Partners
403121,Gerald Hannah
403291,Carnivale LLC
403426,FUCHS Lubricants
403508,MorningStar Enertainment
403520,Gavin De Becker & Associates
403573,Zeughaufer
403624,Elenza
403666,Brighstar Device Protection
403801,"Plan On It, LLC"
403864,"National Stone, Sand & Gravel Association"
403958,Summit Partners
404063,VivaKi
404079,Crowley Maritime Corporate Travel
404126,North Shore LIJ Health System Quality
404130,Randstad
404136,HC Beck DUPLICATE - DO NOT CALL
404161,Atlanticus
404180,Energy Transfer - LimoLink
404285,Childrens Trust of South Carolina
452035,BioMarin Pharmaceutical
452037,Trammell Crow Co.
452044,Dewey Ballantine LLP
452074,Hampton Models
452076,"OneSource Talent "
452077,Jaygo Inc.
452082,August Capital
452083,Fabrica International
452084,General Catalyst Partners
452085,"CGI Communications, Inc."
452086,CryptoLogic Inc.
452093,Keenan & Associates
452105,BMC Inc./Building Materials Holding Corporation
452107,Performance Marketing Group (PMG)
452110,Cole Raywid & Braverman LLP
452115,Associated British Foods plc
452117,Rooms to Go
452119,Crossmark
452122,UCB Biopharma - HQ
452136,White Lodging Services Corp
452142,"Falcon Ridge Development, Inc."
452144,Radient Pharmaceuticals Corporation
452156,Genesys Capital Partners
452157,Yellowpages.com
452166,Navidea
452169,Artesyn Technologies
452176,"Childress Klein Properties, Inc."
452178,Oxford Health Plans
452180,Bond Schoeneck & King  PLLC
452194,CAI International
452195,Aquila Group of Funds
452200,Avaya
452203,"Dinte Resources, Inc."
452205,Cegedim Dendrite
452206,Firstrust Mortgage
452213,"Molecular Medicine BioServices, Inc."
452218,Taylor Wiseman & Taylor
452226,Diskeeper Corporation
452229,Digital Payment Technologies Corporation
452241,Alexander Capital
452242,"O'Quinn, Laminack & Pirtle"
452245,ACGIH Worldwide
452255,The Weiser Group
452261,rVue - BizRide
452285,OTR Wheel Engineering
452287,LeanTaas Inc.
452288,Christie's New York
452291,Sinai Hospital of Baltimore
452297,Kendall Hunt
452298,Goldsmith-Agio-Helms
452301,"Jazzercise, Inc."
452302,"Edge Development, Inc."
452304,Hemispherx Biopharma
452306,Warburg Pincus - San Francisco
452308,Petro-Canada See Suncor Energy
452313,McKinsey & Company - New York
452316,Oversee.net
452319,Adler Planetarium and Astronomy Museum
452320,Sirius Computer Solutions
452325,Screenworks
452328,"Edwards, Angell, Palmer & Dodge, LLP"
452330,UCLA
452338,Ames Department Stores
452353,Pharmacyclics
452358,RK&O
452363,"QC Holdings, Inc."
452370,Stage Stores
452373,Rip Curl Inc.
452375,Hoffman & Baron LLP
452376,Eckhardt Trading Company
452378,Giant Tiger Stores
452380,Joe's Jeans
452381,Cherokee Banking Co
452384,Evonik Corporation
452385,Party City Corporation
452386,"Mobile Mini, Inc."
452387,Old Republic International
452389,Ses Partners
452393,Sports Illustrated
452394,Swiss Reinsurance America Corporation
452399,HEICO
452400,General Merchandise Distributors Council
452401,Cache Valley Electric Co.
452418,Copper Development Association Inc
452419,PGAL
452420,Great Southwest Equestrian Center
452422,Southwire Co
452430,Congruent Capital
452432,Allston Trading
452436,"Servotronics, Inc."
452437,"Larson, Allen, Weishair & Co. LLP"
452446,Pinetree Capital Ltd.
452447,TriWest Capital Partners
452449,"California State Polytechnic University, Pomona"
452452,Express Personal Services - BizRide
452457,Eagles Talent Speakers Bureau
452472,"Blumberg Excelsior Corporate Services Inc. "
452473,Aetos Capital
452478,Accurate Comfort Systems USA-duplicate of Comfort systems
452479,The Right Plan
452480,Boyden World Corp. - DC
452485,Societe Generale SA
428500,Merrick & Co
428546,Ace Tomato Co.
428656,Riley McCarthy
428702,"FreemanWhite, Inc"
428715,Newfold Digital
428820,Dover Corporation
428868,Donna Friedman
428904,Wilshire Axon
428956,"ABB, Inc."
429003,MGMA
429060,Promedior Inc
429077,The Katama Company
429079,Election Systems & Software
429105,"Benefytt Technologies, Inc."
453334,Relevante
453336,"Solae, LLC"
453341,Sutton Group
453342,The Clockwork Group
453345,Michael & Partners
453349,CNF Inc.
453351,Association of Fundraising Professionals
453352,"Empire Distributors, Inc."
453353,General Office Products Co
453355,Martin Fletcher & Associates
453361,Ontario Systems
453364,Silvercrest Asset Management Group
453366,Jacobs Engineering Group
453367,DoNotUSe/Revlon
453384,International League
453388,Tropic Construction Corp
453389,The Rose
453394,Oregon Dental Service
453401,Tekmark Global Solutions
453404,Cura Pharmaceuticals
453407,Imaging Technologies
453408,Domtar Corporation
453414,Architectural Alliance
453415,TechCFO
453416,"Wilhelmina Models, Inc."
453418,Turnkey Sports & Entertainment
453425,Marketing Innovators International Inc.
453426,"PMC Global, Inc."
453427,"Phoenix Footwear Group, Inc."
453429,Centerfield Capital Partners
453431,Sterling-Rice Group
453434,NBC Acquisition Corp (NE Book)
453442,Evans Food Products Company
453450,UnitedHealth Group - Meetings
453451,Alaska Air Group
453453,Hub Group Inc.
453467,Gabriel Venture Partners
453472,Jose Mendoza Jr.
453473,Pilot Gold
453476,Mandala Group
453477,Hostess Brands LLC
453483,PlumChoice
453484,"Highlights for Children, Inc."
453485,"AERCO International, Inc."
453488,v
453490,Cetylite
453505,EdgeStone Capital Partners
453514,"McCown De Leeuw & Co., Inc."
453519,Weber Shandwick
453546,KIPP Foundation
453547,The Cavanagh Law Firm
453548,Grisanti Brown & Partners LLC
453549,"Compass, Inc."
453551,Institute for Savings
453553,Sugar Mountain Companies
453556,Salt River Project
453557,New York City Health And Hospitals Corporation
453560,Synchronous Aerospace
453562,Bio-Reference Laboratories Inc.
453566,ELG Haniel Metals Corp.
453568,Dun & Bradstreet Corporation
453576,"Robins, Kaplan, Miller & Ciresi L.L.P."
453578,Worldquest Networks Inc
453579,Vail Banks Inc
453581,North America Association of Food Equipment
453606,Konecranes
453618,Nelson Mullins Riley & Scarbrough
453620,"Unipharm, Inc."
453623,SpaceX
453624,Swedish Health Services
453626,Milliman
453629,Syracuse University
453630,EBL&S Property Management Inc.
453636,Sharp Memorial Hospital
453638,Atlas Settlement Group
453639,Valley View Bank
453659,"Aprimo, Incorporated"
453664,Fernley & Fernley
453667,CACI
453679,Mellon Capital Management
453680,Korn Ferry International - Boston
453684,RiverFront Investment Group
453686,SecureWorks
453688,CTPartners
453694,ALEM International
453695,"General Extrusions, Inc."
453696,San Diego County Water Authority
453699,SBE
453709,Gale Investments
453710,Memry Corporation
453711,"Retractable Technologies, Inc."
453716,Sixx Holdings
453729,SKF USA Inc.
453744,Forms & Supply Inc.
453745,CrownTonka Walk-Ins
453746,The Rosemont of Kingwood
453747,Harding Loevner Management
453748,Burch & Cracchiolo PA
453750,Fibervisions Delaware Corp
453754,Foursquare
453759,Bandy Carroll Hellige Advertising
453760,The Egg Factory
453763,Miami Heat
453768,Triumph Aerospace Systems -- Seattle
453769,EMCO Corporation
453771,VersaCold
453772,The Okonite Company
453773,Seton Hall University
453776,Jewelers Mutual Insurance
453784,"Houlihan, Lokey, Howard & Zukin"
453787,Kichler Lighting
453789,Paxton Media Group
453793,Lubar & Co.
453794,"Morton Grove Pharmaceuticals, Inc."
453801,McLane Group
453806,First National Bank
453828,Scottsdale  Heathcare Hospitals
440222,Initiative M & E
440267,Duly Health and Care
440320,Andrew Dobbins
440435,"Edge Asset Management, Inc."
440442,Castanea Partners
440446,O'Brien Capital LLC
440451,Crosby Carter Management
440537,Delonghi America
440705,PharMethod
440796,Jim R. Smith & Co.
441113,CGI-New York
441140,Stephanie Moreno
441307,"Viscira, LLC - M&E"
441435,Motorola Mobility
441601,Visa Cardholders
441619,National Aquariums
441682,GSE Environmental
441741,Quinn Group LLC
441755,Sonia Sharma
441854,Methodist Hospital
442102,Preng & Associates
442123,Charlesbank Capital Partners
442175,Orlando Health
442197,CMS Energy
442206,The Harvard Group
442211,Reliance Holding
442334,Body Insight
442391,Insurance House
442481,Schwan's Shared Services LLC
442497,Academy for Continued Healthcare Learning/Meeting and Events
442511,Soundview Paper Company
442517,NOF Metal Coatings North America Inc.
442565,Sayre Health Center
442575,Cornerstone Therapeutics Inc.
442693,Air Lease Corp. - VIP
456897,BPL Global
456899,Dean & Draper Insurance Agency
456901,"HKN, Inc."
456905,"Verbatim Corporation "
456906,ClubCorp
456912,Colonial Life & Accident Insurance Company - BizRide
456916,Telcordia Technologies
456919,Borden Ladner Gervais LLP
456925,Merrill Lynch
456926,Wakefern Food Corp.
456933,Catto & Catto
456935,Axcess International
456936,Ernst & Young
456937,CableLabs
456940,Credit Union Executives Society (CUES)
456945,New York Giants
456967,Zeno Group
456971,"Allconnect, Inc"
456973,Insight Equity Aquisition Partners
456974,"Capital Forest Products, Inc."
456977,BCHydro Duplicate
456978,"RPM Pizza, LLC"
456980,"Dukas Public Relations, Inc."
456981,MVC Capital - BizRide
456982,Oticon Inc.
456990,Corus Entertainment
457001,Crawford & Company - BizRide
457002,"California State University, Long Beach"
457004,Great Western Malting Co.
457009,Fred's Inc
457010,Banner Engineering Corp
457020,"The Travelers Companies, Inc."
457035,Renault Nordic AB
457037,Bravo Solutions
457042,San Jose Sharks
457046,WebMD Health Corporation
457048,Club Monaco Corp.
457049,The Chilcote Company
457050,The Pension Company
457052,Welliver McGuire
457056,Boxer Property Mangement
457058,"VendTek "
457063,ArjoHuntleigh
457070,Helsell Fetterman LLP
457072,D.G. McDermott
457077,Soin International
457081,Dawson James Securities Inc.
457082,"Akzo Nobel, Inc."
457088,"Hellmann Worldwide Logistics, Inc."
457092,MPS Group
457093,"Crown Holdings, Inc."
457112,"Othon Inc., Consulting Engineers"
457113,The Energists Ltd
457121,Juniper Investment Group
457125,IntriCon Corporation
457134,University of Nebraska - Athletics
457135,Lawyers Travel / Duane Morris LLP
457143,SVB Capital
457146,Brodeur Worldwide
457149,Charming Charlie
457150,Superior Essex
457158,Able Management Solutions Inc
457173,Talisman Energy
457174,ShopVisible LLC
457176,Law Offices of John K. Mangum PC
457180,Northcoast Media
457182,Martin Fein Interests Ltd
457184,Tescom Corporation
457186,NetApp
457188,Canam Steel Corporation
457194,The Haverford Trust Co.
457195,"Stein Rogan & Partners, Inc."
457197,Rogers Wireless
457200,The Dudnyk Group of Marketing Companies
457204,"TMO Global Logistics, LLC"
457211,American Society for Healthcare Engineering
457214,Carneiro Chumney  & Company
457218,Atos Syntel
457220,BC Sports
457224,The Dilweg Companies - Atl - BizRide
457226,"Lois Paul & Partners, Inc."
457249,Community Bank & Trust of Cornelia
457253,Loyola University Health System
457254,"AGH, LLC"
457256,Advanced Lubrication Specialties
457259,Telvista Inc
457265,Glauser Properties
457266,Gridiron Capital LLC
457272,MacArthur Foundation
457273,Davis & Company
457274,"BioScrip, Inc. (Home Solutions)"
457275,Phoenix 1 Restoration & Contstruction
457279,Ideas of The Mind LLC
413284,Livingston International
413297,Boardwalk Pipeline Partners
413385,Bill Grubbs
413434,"Cicero, Inc."
413443,Cantor Fitzgerald
413576,J.W. Childs Associates
413698,HudBay Minerals Inc.
455727,The Atlanta Opera
455728,"Naman, Howell, Smith & Lee, L.L.P."
455735,Meadowbrook Insurance Group
455742,Carpet One
455745,Incredible Technologies Inc.
455750,Nestle USA
455763,EMC Capital Management
455768,VITAS Healthcare Corporation
455770,Zambon Co
455771,Zapata Engineering
455780,Alberta Dental Association and College
455781,"Peirce-Phelps, Inc."
455784,"Goody Products, Inc"
455786,"Nachi "
455787,Travelport
455789,The Menninger Clinic
455790,General Dynamics Land Systems
455794,Apex Tool Group
455795,Datascope Corporation (Maquet)
455796,Nevada
455797,Archaeological Institute of America
455798,Society of Financial Service Professionals
455801,"Pharmacy Buying Association, Inc."
455806,"CEC Entertainment, Inc."
455809,Harsco Corporation
455836,Arnett Insurance Services
455837,Judson Realty
455838,Azure Capital Partners
455839,Osborn Engineering
455840,The Shoptow Group
455841,Atlantix Global Systems
455845,"Saul Centers, Inc."
455849,Boskalis
455852,Celebrity Speakers Inc.
455863,Grotech Ventures
455865,Feld Entertainment- Credit Card
455870,Event Network
455871,Henzlick Oliver Real Estate
455872,Watkins Associated Industries Inc
455876,"ComStock Valuation Advisors Inc. "
455885,Memorex Products
455887,"Southern Cross Group, LLC"
455888,Bucyrus International Inc.
455890,Fireman's Fund Insurance
455902,Cincinnati Machines
455903,Brickman Associates
455905,Williams Lea Group
455910,XM RADIO----- SEE XM Satellite
455922,RJF International Corporation
455926,Alschuler Grossman Stein & Kahan
455929,"Pittsburgh Logistics Systems, Inc."
455934,Destiny Resource Services
455942,"PFSweb, Inc."
455944,Anderson Event Management
455946,"Skadden, Arps, Slate, Meagher & Flom LLP"
455962,Ruane Cunniff & Goldfarb Inc
455966,The Conlan Group
455968,H. Muehlstein & Co
455969,Macadam Capital Partners
455970,Parkview Foundation Inc
455974,Arboretum Ventures
455976,WithumSmith & Brown
455977,Southeast Investments NA Inc.
455978,El-Ad Group
455980,Airspeed Aviation
455984,Protez Pharmaceuticals
455991,Brinks Global Services
455993,Vector Management
455996,"Baker and Taylor, Inc"
455997,Cozen O'Connor
456002,Morgenthaler
456003,Brown & Williamson Tobacco Corp.
456004,Keenova
456012,Greater Wilmington CVB
456026,MRE Consulting Ltd
456032,"Devicor Medical Products "
456040,ACS State/Local Solutions
456041,Todd Pacific Shipyards Corporation
456043,MI Windows & Doors
456044,Kellen Meetings
456047,MHF Logistical Solutions
456049,ZS Partners
456050,"Desert Island Restaurants, L.L.C."
456052,Accel
456054,Calyon Financial Inc.
456062,"NxStage Medical, Inc"
456068,Turner Classic Movies
456073,Latham & Watkins LLP
456075,Moroch Partners
456086,Golin/Harris International-DUP ACCT
456099,District Medical Group
456100,Inspire Medical Systems
456101,Pacific Seafood Group
456108,Santander Holding USA Inc
456110,"Investors Bancorp, Inc"
456113,DLR Group
456115,Schnitzer Investment Corp     NO
456118,AOL INC
456119,Triumph Thermal Systems
456120,Canpark Services
456133,"Direct Marketing Association, Inc."
456142,Bentley Mills
456144,Novartis Pharmaceuticals USA
456161,"Darwin Ventures, LLC"
456164,Greenline Industries
456168,Golfsmith
456170,University Physicians Healthcare
456179,Seville Watch Corp
456188,Teligence
456190,NCMIC Group Inc
456192,Mountaintop Faith Ministries
456193,Maxor National Pharmacy
456194,Fiera Capital
456203,Tiffany & Co.
456204,Minnesota Racing Commission
456206,Heller Ehrman Attorneys
456209,Encore Wire Corporation
456213,Society of Hospital Medicine
456214,Weber-Stephen Products Co.
454680,"DSV Air & Sea, Inc."
454681,Harris Beach PLLC
454684,National Comprehensive Cancer Network
454687,Potbelly Sandwich Works
454691,Intercall Inc.
454692,"Panda Restaurant Group, Inc."
454698,"Alcan Management Services USA, Inc."
454702,Nixon Peabody LLP
454703,Northern Capital Management
454713,Lonza Biologics
454714,"Pmk-Bnc, Inc"
454717,AK Steel Holding
454726,IIR USA
454730,Alliancebernstein Portfolios
454735,GlobalCollect
454740,"Datel Systems, Inc."
454744,ACCO Engineered Systems
454745,Brown Harris Stevens
454749,Lord & Taylor
454752,MontLake Capital
454753,Sandmeyer Steel
454754,"Dover Industries "
454756,Minyard Food Stores
454758,"Quadrangle Group, LLC"
454762,Massachusetts Buisness Roundtable
454763,Hotsos
454764,Shustak Frost & Partners
454773,Ulta Beauty
454777,STMicroelectronics
454779,Cooley LLP
454780,Viking Capital Group
454781,USE ACCT 27267 Blue Cross Blue Shield of Louisiana
454782,Mead Johnson Nutrition
454784,Vitro Packaging
454785,HostGator.com LLC
454787,Crain Communications Inc.
454807,Ax Global
454810,MBAF
454811,Chief Oil & Gas
454813,American Land Ventures
454814,ReachLocal
454822,The Harry Fox Agency
454824,"Nonami Enterprises, Inc."
454825,"LJG Partners, Inc."
454826,SC Fuels
454832,CV Technologies
454834,Urodynamix
454835,Metromedia Company
454836,Frontier Group
454837,"Epicore BioNetworks Inc. "
454842,American College of Emergency Physicians
454843,Archer Malmo
454844,7yhnm
454847,First Reserve Corporation
454849,The Pictsweet Company
454855,Embassy of Canada
454858,BigMar Inc.
454864,PineBridge Investments
454866,Myers & Crow Co. Ltd.
454867,Alro Steel Corporation
454868,Bloomingdale's
454884,Thomasville Bancshares Inc / Thomasville National Bank
454885,Texas Coastal Energy
454886,Caduceus Private Investments LLC
454888,Buchanan Street Partners
454892,Cato Gas & Oil
454894,Gow & Partners
454896,Hearst Corporation
454899,Ferruzzo and Ferruzzo
454909,Advanced Bionics Corporation
454913,"Aecium, LP"
454914,University of Texas Health Center
454915,The Ward Group
454918,Creations Global Retail
454925,Highland Capital Brokerage
454930,Medsource Tech Inc
454931,Briggs & Stratton Corporation
454939,Burns Entertainment & Sports Marketing Inc
454953,Altruent Systems
454957,Fast Track Specialists Inc
454958,Yokogawa Corporation of America
454966,Utility Trailer Manufacturing Co.
454967,Spin Media LLC
454971,Population Council
454973,Cyries Energy
454974,Emergis Inc.
454977,"Suffield Oxygen Sales, Inc."
454981,"Elarbee, Thompson, Sapp, & Wilson, LLP"
454982,American Biltrite Inc
454983,"Poniard Pharmaceuticals, Inc"
454988,Ayars & Ayars
454989,Mills James Productions
454991,"LeBoeuf, Lamb. Greene & MacRae LLP"
455005,Next Model Management -- See NEXT Management
455006,.406 Ventures
455011,Village on the Park
455013,Koeller Nebeker Carlson & Haluck LLP
455017,Hayslett Group LLC
455019,"Advanced Lighting Technologies, Inc"
455020,Pacific Biosciences of California
455021,Goldman Sachs International
455023,"Chico & Nunes, P.C"
455024,AdminServer
455025,HNB Corp.
455028,SCBT Financial Corporation (South Carolina Bank & Trust)
455029,"D'Addario & Company, Inc."
455034,Kythera Biopharmaceutical
455041,Rose Packing Co
455046,Graham White Manufacturing Co.
455049,CDG & Associates
455059,DAS Group
455062,Pillowtex Corp
455074,Trump Model Management
455075,Aquentium
455076,Black Diamond Video
455078,Svoboda Capital Partners
455079,Lisa Lewis
455080,"Jennings, Haug & Cunningham LLP"
455084,"Mansueto Ventures, LLC"
455085,Mercury Solar Systems
455088,Cal Pipe Manufacturing
455094,Down Town Club
455098,Allen Matkins Leck Gamble & Mallory LLP
455099,Mayfield Clinic & Spine Institute
455104,Third Federal Savings & Loan
455105,"BRE Properties, Inc"
451372,Atmos Energy Corporation
451378,Harley-Davidson Inc.
451387,Epoxy Technology Inc
451388,Dundee Capital Markets
451389,Mekelburg Co Inc
451391,"Douglas Telecommunications "
451392,"Servigistics ( SEE Serviistics, Inc)"
451393,Business Group Inc
451401,"IDG Capital Group, Inc."
451402,Kaneka Texas Corporation
451404,Rymax Marketing
451405,Foremost Industries
451406,Eiger Technology
451412,MEETINGS PLUS
451418,Air & Waste Management Association
451419,United States Department of Commerce
451433,Heico Companies LLC
451434,"YoCream International, Inc."
451435,Cavalry Bancorp Inc
451436,MotivAction
451440,Orthofix International N.V.
451455,Corneal Associates
451460,American Academy of Periodonology
451469,"Qualcare, Inc."
451470,Regent Atlantic Capital
451477,"T. Williams Consulting, LLC (TWC)"
451479,RCM Technologies--RI
451481,"Atkinson and Co., Ltd."
451484,The California Endowment
451489,TD Bank Financial Group       NO
451490,Comcast Corporation - Meeting/Event
451492,Janney Montgomery Scott LLC.
451504,Sid Richardson Carbon & Energy Co Inc
451527,Corsair Gaming
451529,International Inspirations Ltd.
451533,Trident
451541,Western Washington University
451542,Guaranteed Rate Inc.
451549,Painted Pony Petroleum
451551,ARCH Venture Partners
451553,Tampico
451560,Lynn University
451562,United States Department of the Interior
451567,Appriss Inc.
451570,Flint Group North America
451571,Kessler International
451583,Forum Energy Technologies
451596,Harry Singh & Sons
451600,Barnes & Thornburg
451602,Coast Citrus Distributors Inc.
451603,Del West Engineering Inc.
451605,Konsyl Pharmaceuticals
451606,Surya Systems
451607,Century-National Insurance Company
451609,A & H Sportswear Co. Inc.
451615,Sixth Line Solutions
451622,University System of Georgia
451623,The Organization for the Promotion and Advancement of Small Tele
451624,Somera Communications
451626,Cymi Investments Sub Inc.
451628,University of Texas Health Science Center
451632,Bryan Cave LLP
451638,Met Life
451648,American Hereford Association
451651,Bullock Mannelly Partners Inc
451655,Conbraco Industries - BizRide
451656,NSA Media
451661,Superior Communications
451670,"IdraPrince, Inc. "
451671,Wear Me Apparel Corp.
451677,Media Sciences International
451678,RSF Management Services Inc.
451680,Connors Bros. Income Fund
451681,Verado Energy
451682,"C.W. Matthews Contracting Co, Inc"
451686,Zodiac Aerospace
451688,"Rusk, Inc  (Conair)"
451691,CapSpecialty
451695,The Burt Automotive Network
451696,Penguin Random House
451698,American Academy of Physical Medicine & Rehabilitation
451709,"Milton CAT, Inc."
451727,FlexPrint
451729,A-Z Corp
451731,Magic Restaurants (Fudruckers)
451734,"Maran, Inc. "
451735,Raising the Bar
451738,Brown & Brown
451746,Golden Technologies
451750,IMAX Corporation
451752,"Alto-Shaam, Inc."
451758,"Fuel Tech, Inc"
451761,King World Productions Inc
451763,First Trust Portfolios
451765,Invesco - Global HQ
451771,Uno Restaurant Corp
451789,LGT Capital Partners
451793,McLeskey & Associates
451794,Dwellworks
451797,Excel Trust
451803,Triumph Processing
451804,Dionex Corporation
451807,Breco Holdings
451810,McKinsey & Company - Montreal
451811,Qiming Venture Partners- China
451812,Universal Lubricants Inc.
451815,Ikonics
451817,Conrail Inc.
451819,Vickery & Associates
451829,Golden Artist Colors
451831,University of Colorado
451832,"Twambly Designs, LLC"
451834,Artisan Partners
451836,Baker & McKenzie
451840,Florida East Coast Industries
451841,Paradigm Telecom - BizRide
451842,Welch's Inc
451844,Fives Intralogistics
451852,Clifford Chance Rogers & Wells LLP
451867,Saudi Airlines Cargo
451868,Skanska USA Building Inc
451871,Perkins Coie LLP - Phoenix
451873,Volcom Inc.
453829,"Metro Atlanta Cardiology Consultants, P.C."
453830,Campus Management Corporation
453837,Sawtooth Software
453841,The Weinstein Organization
453843,MasterCraft - see other acct
453850,Financial Executives International Canada
453851,Trott & Trott
453854,Salick Group Holdings
453856,SourceLink
453862,Lifetouch Inc.
453873,Exclusive Resorts
453874,DiMeo Schneider & Associates
453877,Main Street America Group
453881,ADTA (Assoc Of Defense Trail Lawyers)
453884,Bryan Cave LLP
453888,Fiskars Brands Inc.
453901,Aspiranet
453904,Collins Cooper Carusi Architects Inc
453905,Cooper/T.Smith
453906,United McGill Corporation
453911,"Earth, Inc."
453913,Guild Mortgage Company
453915,Gibson Overseas
453917,"Energy XXI USA, Inc."
453919,Electro Rent Corporation
453923,"Freedom Medical, Inc."
453928,Diamond Pharmacy Services
453936,"International Association of Assembly Managers, Inc."
453944,Gersh Agency
453946,"Commerce Bancshares, Inc"
453947,IMS Health-Corporate/Carlson Wagonlit
453950,Durcell
453951,"Harte-Hanks, Inc."
453960,Crane Co.
453969,Webb Investment Network
453970,Basic Model Management
453971,3sigma
453975,L Zinman & Company
453976,24 Hour Fitness
453977,Jaco Oil Company
453982,Meneses Research & Associates
453985,Park Hill Group
453986,Bollinger Insurance Solutions
453987,Aerotek Scientific LLC
453992,Business Real Estate Brokerage Co.
453994,Montreal FC
453998,Sabin Metals
453999,Hyland Software
454012,Healthaxis Inc.
454029,Atlantic Premium Brands Ltd.
454043,Oracle
454045,New York Cruise Lines Inc
454047,NeoPhotonics Corporation
454056,Clayton Williams Energy
454058,W.S. Darley & Co
454060,Music Choice
454061,The RLJ Companies
454064,"Cost Plus, Inc."
454071,"Emory Healthcare, Inc"
454079,Amplifon USA
454080,Alliance Worldwide Group
454106,WesTrac (CAT)
454109,"Nexxus Lighting, Inc"
454111,CYS Investments
454112,Mauser Packaging Solutions (fka Bway )
454113,Firestone Fibers & Textiles
454114,"All-Tronics Medical Systems, Inc"
454122,Irvine Sensors Corporation
454123,Fralex Therapeutics
454124,Grant Thornton - Downtown - BizRide
454126,The Halifax Group
454129,"BioMed Realty Trust, Inc."
454133,Cybersonics
454134,Magnetech
454135,Avara Pharmaceutical Services
454136,SEMCO ENERGY
454142,"Three Zero Three Capital Partners, LLC"
454145,RBB Public Relations - BizRide
454148,AQR Capital Management
454152,MasterCard Worldwide
454160,Cornerstone Staffing Solutions
454162,Reich Publishing and Marketing
454164,"DC Chartered Health Plan, Inc."
454166,Medsyntrix
454167,National Tube Holding Company
454168,"Marketing Research Services, Inc."
454169,Integra Staffing
454172,The Kleinfelder Group
454179,Consolidated Merchantile Incorporated
454182,"US Airways Group, Inc."
454189,Canaan Partners
454195,Swagelok Company
454197,Dracket Construction
454199,ACA International
454200,"Max Kahan, Inc."
454203,Seaboard Corporation
454205,S.S. White Technologies Inc.
454208,MSD Capital
454221,Talan Products Inc.
454222,Volvo Cars of North America
454223,Gabor & Marotta LLC
454224,Scribd
454225,"Newgate Capital Management LLC "
454226,Chertoff Group
454227,Nuna International
454232,Sundt Construction
454234,Sherman Financial Group Llc.
454236,"The Centech Group, Inc."
454245,PHH Corp.
454249,"Concur Technologies, Inc."
454261,Hobby Lobby Stores
454262,"Caplin & Drysdale, Chartered"
454264,University of North Texas Health Science Center
454265,CAS Medical
454272,Verdant Partners
454293,Sandbox Industries
454298,Weiss Memorial Hospital
454300,TechniGraphics
454301,Renaissance M Street Hotel
454306,Nath Companies
454314,Cornell Capital LLC
454315,Hilliard Lyons
454320,University of Tennessee - Athletics Dept
454323,Kohn Law Firm
454338,Colgate-Palmolive
454340,FCB Global
445588,Spark Foundry - Chicago
445682,Chip Kelly
445785,CMG International
445940,DFW Capital
445945,Nu-Tek Food Science
446075,Hegemon Capital
446257,Bryan Cave LLP
446300,The Leatherstocking Corporation
446303,DJO Global Inc
446427,National Basketball Association (NBA)
446432,Joseph Brandt - Personal
446510,Pall Corporation
446770,Manhattan Resources
446861,Mekanism
446881,Continental Resources
446964,Sigma-Aldrich
447070,Bumbleride
447094,Spencer Fane Britt & Browne
447214,Ekso Bionics Inc.
447308,HelmsBriscoeR1/Christine Krumbholz
447340,Grayling Connecting Point
447384,The Collective
447390,Panorama Consulting Solutions
447394,Ogilvy & Mather/Chicago
447403,Pat Finneran
447411,Whitby Santarlasci & Company
447459,United Bank - Vienna
447513,Iridium Communications
447550,First Tech Federal Credit Union
447647,SQN Capital Management
447722,FVC
447811,Lehman Roberts Company
447841,Old Mutual Global Index Trackers
447914,Resverlogix
447953,Prudential PLC
458173,Hunton & Williams LLP
458178,"Aeroshear Aviation Services, Inc."
458191,Malcolite Corp Los Angeles SIs
458193,"Tonkon Torp, LLP"
458194,"Papa Murphy's International, Inc."
458197,BrandMuscle Inc
458202,Piedmont Investment Advisors
458205,IMI Cornelius
458211,Rockport Venture Partners
458216,Las Vegas Sands Corp - DO NOT USE - Use Sands Aviation Acct (33725)
458222,Bend Research
458224,The Baker Group
458229,Sullivan University System Inc.
458232,"Greensfelder, Hemker & Gale, P.C."
458256,BioRelix
458257,Arsalon Technologies
458259,The Ancora Group
458265,Church & Dwight Canada
458267,International Cruise and Excursion Gallery (I.C.E)
458273,RCM Technologies--Syosset
458275,Austin Co.
458278,Freightquote.com
458280,UPS Capital Corp
458282,Gendis Inc.
458285,Gulf West Energy
458290,Irving Place Capital
458291,IONA Technologies
458294,"HIG Capital Management, LLC./Miami "
458300,Atlantic Trust
458303,Monarch Centre
458318,Bovard Insurance Group
458326,Dollar Burns & Becker LC
458327,Angenis Inc
458335,YPM Inc.
458337,"Crump Group, Inc"
458340,Diamond-A Ford
458342,Omega Healthcare Investors
458344,Irex Contracting
458346,"BH Solutions Group, Inc."
458351,Cressey & Company
458352,"HCI Direct, Inc."
458357,International Bancshares Corporation
458359,Bausch Health (FKA Biovail Pharma)
458361,Giorgio Armani Corporation
458362,"Under Armour, Inc. - Meeting & Event"
458363,"LVI Services, Inc."
458389,C-RAD
458395,Holland & Hart LLP
458397,Levenfeld Pearlstein LLC
458398,Fenwick Automotive Products Ltd.
458399,Gamma Foundries Company
458403,TTV Capital
458406,Oglethorpe Power Corporation
458410,W-B Holdings inc.
458412,Innovative Entertainment
458413,"Cullen/Frost Bankers, Inc."
458416,Buchanan Ingersoll PC
458418,Nova Southeastern University
458426,Kidd & Company
458450,Wilmington Family Office
458451,United Sub Contractors Inc.(USI)
458463,NMS Labs
458464,The Stellar Group
458471,The Titus Group
458472,Comaplex Minerals
458474,Xebec Adsorption Inc.
458476,Valley National Gases Incorporated
458477,Univest Corporation of Pennsylvania
458479,eQuorum Corp
458482,SOMANETICS CORP
458484,The Society of Teachers of Family Medicine
458492,MVP Health Care
458502,"Sterling Chemicals, Inc."
458515,Pieper-Houston Electric LP
458516,Hilton London Metropole
458518,Cochran Cochran Chhabra
458519,Shell Upstream Americas
458523,EMC
458526,"Solvay America, Inc"
458527,Naked Juice Co.
458528,Meadwestvaco/WestRock
458533,Gordon Food Service
458535,Mount Lucas Management Corp.
458538,"Vizi Media "
458540,IPC Systems
458543,CEVA Logistics DUPLICATE
458549,Joy Cone Co.
458552,Silver Creek Capital
458553,Financial Models Company Inc.
458554,Atomic Scale Design.net
458558,Cardone Industries Inc.
458566,CB Richard Ellis
456216,"Mike Albert Leasing, Inc."
456219,iRobot
456226,Verizon Communications
456237,"MedAvante, Inc"
456241,Ohio Art Company
456245,Dali Hook Partners
456250,STV Inc.
456254,Technologent
456257,Wealth & Tax Advisory Services
456258,New Process Steel LP
456259,"WJM Associates, Inc."
456260,Alpha Capital Partners
456264,Judge
456270,Canadian Hydro Developers
456272,Duquesne Light Holdings
456278,Casto
456282,St. Paul's School
456285,Hunton & Williams LLP
456298,Heitman
456299,"Cravath Swaine & Moore, LLP"
456300,Cumberland Farms Inc.
456307,Bose Corporation
456314,Holborn Corporation
456318,Hartford Healthcare Corp
456319,"Stradling, Yocca, Carlson and Rauth"
456323,Intersection
456324,"PCC Airfoils, Inc."
456325,Parts Now!
456326,Simmons First National Corporation
456328,Zymeworks
456330,EndoGastric Solutions
456331,"R. O. Whitesell & Associates, Inc"
456341,Sidley Austin LLP
456342,Maker's Mark Distillery
456344,"Rogers Towers, P.A."
456349,Newlin Investment Company LLC
456352,"USE ACCT 27267 Blue Cross Blue Shield of Mass., Inc."
456358,Ziegler CAT
456378,Cresa Partners
456379,Cox & Palmer
456384,Turnbull-Wahlert Construction
456385,Atlantic Health System
456387,Spelman College - BizRide
456391,Autosplice Inc
456392,Airborne Systems
456394,Taubensee Steel & Wire Company
456396,Triumph Actuation Systems -- Valencia
456399,"Cal-Maine Foods, Inc."
456400,Canadian Nurses Association
456409,"Capital Ideas, Inc."
456412,Edward Rose Building Enterprises   (see R & J aviation)
456418,Medicom Health Interactive
456449,Out of the Window Advertising
456450,River Branch Holdings LLC
456452,HFF Inc. (NewYork)
456454,"CSP Associates, Inc."
456456,Meitar Liquornik Geva & Leshem Brandwein
456463,Towers Watson
456465,Azure Dynamics Corporation
456466,2Checkout.com
456469,Santa Fe Natural Tobacco Co.
456473,Bay Partners
456475,Cagley Harman & Associates
456476,ESM Productions
456477,Quizam Media Corporation
456479,CUNY (The City University of New York)
456483,Capital Dynamics
456491,"Canadian Bank Note Company, Ltd."
456494,Cathedral Energy Services
456495,"CircleLending, Inc."
456502,Marmon Mok
456511,"OATSytems, Inc."
456513,Kirkland & Ellis International LLP
456515,Japs-Olson Co.
456520,Drury Design Dynamics
456524,Black & Decker
456526,CenterPoint Ventures
456543,NuGrowth Solutions
456548,DraftFCB - Canada
456549,Agility Logistics Solutions Inc - BizRide
456552,Corporate Motivation Inc
456553,The Riese Organization
456554,SynteractHCR
456555,"Chugai Pharma USA, LLC."
456556,"Core Systems, LLC"
456557,Carat
456558,Burcon Nutrascience Corporation
456566,Sequium Asset Solutions
456572,Craftmade International
456575,"Smith Gambrell & Russell, LLP"
456585,Dallas Mavericks
456605,Intuit
456607,Alerioin Partners
456609,Personal Communications Devices (PCD)
456614,Berry Plastics Corporation
456617,"Wagman Primus Group, LP"
456618,Pan Am Systems
456621,DUP - A. Eicoff & Company
456622,"ProfitLine, Inc."
456624,"iVoice, Inc."
456628,Sustainable Energy Technologies
456629,Idealab
456632,Fastfrate
456635,Midwest Transplant Network Inc.
456642,HealthCare Ventures LLC
456647,Reuters America
456650,Trustmark National Bank
456651,National Kitchen & Bath Association
456655,Sutherland Asbill & Brennan - Lawyers Travel
456658,Robert Half International
456678,"Energy Ace, Inc."
456680,KelseyCare Advantage
456681,Recommind
456684,Massachusetts Sports Partnership
456690,Premier Exhibitions
456692,Bigelow Management Inc
456696,Diversified Private Equity Corporation
456698,Canadian Golf Superintendents Association
456705,UnitedHealthOne
456706,Brompton Group
456715,Rio Tinto
456719,Hudson
456720,University of Missouri - Kansas City
456722,The International Health Racquet & Sportsclub Association
451874,GulfStar Group
451876,Pioneer Companies
451880,Triumph Actuation Systems -- Clemmons
451881,Nifco America Corp
451886,EnerTech Capital
451888,Maximizer Software
451889,The Hankin Group
451892,The Stratix Corporation
451893,Getty Petroleum
451895,Central Lewmar L.P.
451901,McGough
451902,Bay Corporation
451905,Temerlin McClain
451913,AR Group Travel & Incentive
451915,UPS - United Parcel Service
451917,"Akin Gump Strauss Hauer & Feld, LLP"
451930,Enviva
451936,quadrantONE
451942,Interbrand Design Forum
451943,"PharmaMar USA, Inc."
451946,Corporate Communications
451950,Alison Brod Public Relations
451958,"Albaugh, Inc"
451960,Deluxe Entertainment Services Group Inc.
451961,"Digital Envoy, Inc"
451969,W.R. Grace & Co. - SC
451970,"International Association for Exhibition Management, Inc."
451971,American Urological Association
451976,Neal Gerber & Eisenberg
451998,Red Moon Marketing
451999,Simpkins Group Inc
452000,ACI/Boland Inc
452002,Tyco Simplex
452003,UPG - United Pet Group
452004,Delta-Unibus
452005,Veyance Yechnologies Inc.
452007,"Executive Speaking, Inc."
452012,Munger & Stone LLP
452014,TA Associates
452020,Milkie Ferguson Investments
452023,Wolters Kluwer Health
452029,Cook Pharmica
452030,Schnader Harrison Segal & Lewis LLP
452031,Texas Capital Bancshares
459379,Calypso Technology
459380,IPG Photonics
459381,RT Specialty
459383,Homecom Communications Inc
459384,Don Rasmussen Company
459386,Trafalgar
459393,Avison Young
459396,Balmac International
459399,"Ormat Technologies, Inc."
459400,Aldridge Electric Inc.
459402,Stryker Corporation/Bloomington
459412,Arcadia University
459413,Micro Electronics
459421,"Interface, Inc."
459425,IVA Funds
459428,"Specialty Minerals, Inc."
459436,Marsh USA Inc.
459438,"ADCO Products, Inc."
459452,"Concentric Consumer Marketing, Inc"
459453,Corey Morris-Singer
459454,The Galveston Island Convention Center at The San Luis Resort
459461,"Taylor-Listug, Inc."
459462,"Axiom Venture Partners, L.P. "
459464,NFL Films - The National Football League
459466,McJunkin Corp
459467,Slim-Fast
459469,"Cross Border Enterprises, LLC."
459471,Stevens Institute of Tech.
459472,Software Engineering Institute
459474,Norwalk Furniture Corporation
459475,The Urban and Regional Information Systems Association
459476,"Rockwood Holdings, Inc."
459480,The mission Companies
459481,Capital Partners
459482,Biophysical Society
459484,Saturn Partners
459488,Dickinson Financial Corporation
459491,American Association on Communication in Healthcare
459500,Newport News Shipbuilding
459515,Metropolitan Museum of Art
459516,Player Protect
459519,"CompuMed, Inc."
459521,Advantage Logistics Southwest Inc
459526,Longview Communications
459533,"Jay Industries, Inc."
459535,Siemens Healthcare Diagnositcs
459541,"Dallas Symphony Association, Inc."
459547,"TRC Companies, Inc. -Windsor"
459553,Healthcare Realty Trust Inc.
459558,Online Resources
459559,Lee Munder
459561,Strata-G Communications
459564,Avenue Capital Group
459576,GOTO Foods (FKA Focus Brands)
459579,Acuity Capital Partners
459581,Sunovion Pharma
459584,Brownells
459589,Sabinsa Corp.
459590,University of North Carolina School of Law
459599,GlaxoSmithKline
459600,Salman Partners Inc. (HQ)
459604,LODESTAR GROUP
459608,Thomson Legal & Regulatory
459619,Virginia Tech
459624,Sacco & Associates Inc - BizRide
459644,SHI International
459646,Cole Capital (Vereit)
459648,Goldwind USA Inc
459649,Marine Products Corp
459650,Nyk Group Americas Inc
459651,SCP & Co.
459652,Modern Business Associates
459655,Goldentree Asset Management
459657,Albion Alliance
459659,Alacer Corp.
459663,Exall Resources Limited
459666,Visionet Systems
459667,Snavely Forest Products
459668,"DBS Transit, Inc. (Stabler Companies)"
452486,TPG Sixth Street Partners
452487,National Gas Pipeline Company of America
452488,Trio Clinical Research LLC
452489,Sanibel Harbour Resort & Spa
452492,The W Group
452494,Genco Shipping & Trading Limited
452495,Transamerica Capital
452504,Gatehouse Media
452506,Consensus Pharmaceuticals
452508,Cretex Companies
452510,Florida Bank
452512,Comnetix Inc.
452516,FOUNDATION SOFTWARE INC
452533,Skylands Capital LLC
452534,Zuckerman Spaeder LLP
452542,Digi International
452547,Ropes & Gray LLP
452566,BriteVision Media
452570,"D'Amico & Gershwin, Inc"
452571,"McCarthy, Lebit, Crystal & Liffman Co. LPA"
452573,The Johnsson Group
452581,Advant E Corp
452588,The Burgiss Group
452589,Mercury Air Group Inc.
452590,Miller Russell & Associates Inc.
452591,Meade Instruments Corp.
452592,DTC Perspectives
452596,"Biomedical Research Models, Inc."
452597,comScore Networks
452604,IPC Inc
452605,Tenet Healthcare Corporation
452606,WS Packaging Group Inc.
452611,"Open Solutions, Inc."
452613,Cambridge Capital Management Corp
452618,Fremantle Media
452621,National Van Lines Inc.
452631,LKQ Corp
452644,Sullins & Johnston
452646,Ryan Specialty Group
452654,"Whalen Furniture Manufacturing, Inc"
452656,Magnum Communications Limited
452658,"Ipreo Holdings, LLC"
452659,B&G Manufacturing Co.
452661,Glenmark Pharmaceuticals
452664,Accenture Canada
452667,"L. & J.G. Stickley, Inc."
452668,"Hammond, Kennedy, Whitney, & Company, Inc."
452682,"Conn-Selmer, Inc."
452693,Kenny Pipe and Supply Inc
452697,Manhattan
452714,Harris County Medical Society
452720,Ideapaint
452723,Robarin Holdings LTD
452727,General Dynamics NASSCO
452730,Tremco Incorporated
452731,SAE World Headquarters
452735,Realogy
452737,Richardson Group
452754,Minnesota Twins
452755,Olin Corporation
452761,Central Investment Corp
452783,SS&G Inc.
452784,Group One Trading
452785,"Somerset Capital Group, Ltd."
452788,PDI Ninth House
452796,Geneva Trading
452799,Wayne-Dalton Corp.
452806,"Cento Fine Foods, Inc."
452807,"Pam International Co., Inc."
452810,David Wilson's Automotive Group
452814,Lennox Industries
452816,"PICO Holdings, Inc."
452823,TransTech Pharma
452826,True Value Company
452834,SS&C Technologies
452840,"Bois d'Arc Energy, Inc"
452846,Waterford Group
452863,"Longines Realty, Inc."
452866,Junior Achievement of Southeast Texas Inc
452869,Lee & Associates
452872,Vogel Consulting
452879,Chelten House Products Inc.
452880,Fluor Canada
452882,Black & McDonald Group Ltd.
452885,Habitat for Humanity International
452887,Ball Aerospace & Technologies Corp
452889,Briscoe Ranch
452890,Macina Bose Copeland
452895,General Atlantic Partners
452896,American Council of Engineering Companies
452901,"Anacor Pharmaceuticals, Inc."
452924,Pearne & Gordon
452925,AT&T Wholesale
452928,Arup Americas Inc
452935,Century AC Supply
452936,"PricewaterhouseCoopers, LLC"
452937,LG Electronics Mobilecomm USA Inc
452938,comScore Networks
452941,Mandalay Entertainment Group
452944,"Alexander's, Inc."
452945,LaFrance Corp
452955,Intrepid Sea Air Space Museum
452956,"Gravure Association of America, Inc."
452957,"Andersen Construction Company, Inc."
452959,Skyline Corporation
452960,The Glover Park Group
452966,University Hospital Health Systems
452979,Pagemill Partners
452981,RDW Ventures
452983,California State-Los Angeles
452988,Dimension Financial
452990,Cyrus Capital
452994,Magic Software
452997,Dunrath Capital
452998,Walker Sewell LLP
453000,Chart Group
453001,Sycamore Ventures
453005,Wojdak Associates
453007,Flatiron
453009,SmartSource Computer & Audio Visual Rentals
453014,Fiderion Group
453018,Brozena Schaller Menaker & Ripley Inc
453024,Elkay Manufacturing Company
453026,Sills Cummis Epstein & Gross P.C.
453028,JRH Biosciences
455109,CHEMICON
455110,American Specialty Insurance
455119,CompTel/ASCENT
455122,DirecTV Group Inc.
455124,Dimeo Construction
455127,Adidas Golf - See Taylor Made
455133,Fried Frank Harris Shriver & Jacobson LLP - New York
455134,Camper & Nicholsons International
455150,puke Enrgy
455151,Hi Crush
455152,Lionbridge Technologies
455154,DAVA Oncology
455160,BCD Travel - Drinker Biddle & Reath
455161,Mercury Capital Partners
455164,Opus East
455171,Bird Construction Company
455176,Aberdare Ventures
455181,Abb Holdings Inc.
455183,Garcia Hamilton & Associates
455189,Rader Fishman & Gauer PLLC
455192,Standard Security Life Insurance Company of New York
455196,Canerector Inc.
455205,Tops Markets LLC
455226,Kantar Retail
455228,PBS&J
455229,Resource Real Estate Partners
455230,Vital Media
455232,"Protection One, Inc"
455235,Axon Solutins Inc.
455237,Triumph Accessory Services
455239,Horton World Solutions
455241,De Beer
455245,Polarome International
455249,Bernstein Litowitz Berger & Grossman LLP
455251,UBS Financial Services
455258,Paper Machinery Corp
455262,Hantz Group
455265,"Justin Industries, Inc"
455271,FedEx Corporation - Plano
455289,Healthline Networks
455291,Burt's Bees
455295,Turley Law Firm
455301," Z Med Research"
455305,Hofstra University
455308,"Cardenas Markets, Inc."
455309,Grant Thornton - Baltimore
455312,Interactive Data Direct
455314,Deffenbaugh Industries
455328,Word of Life Christian Center
455332,"Austin Industries, Inc."
455351,Pereira & O'Dell
455352,Acterra Group
455358,"Southern Aluminum Finishing Co, Inc"
455365,"BJ's Restaurants, Inc."
455369,"Lewis-Goetz and Company, Inc."
455371,Welltower
455374,Warnock Automotive Group
455375,Don M. Casto Organization
455377,"BRAVO! Development, Inc."
455381,"Meridian Industries, Inc"
455382,Avcorp Industries
455383,McKinsey & Company - Toronto
455384,"New World Symphony, Inc."
455386,FANUC America Corporation
455390,CommCore Consulting Group
455392,Codman & Shurtleff
455395,Executive Travel by Andrea
455396,Kirkland & Ellis LLP
455397,Heller Ehrman Attorneys
455412,Children's Museum of Houston
455413,HJ Wealth Management
455414,JES Holdings
455416,Aker Solutions
455420,Future Brands
455425,Bowne Of Chicago
455428,Software AG
455433,Vargo Companies
455434,Canadian Hotel REIT
455438,Patrick Industries
455453,Pitcairn Investment Management
455459,J.B. Hunt Transport Services
455476,"Extra Space Storage, Inc."
455480,"LeftHand Networks, Inc"
455481,The Lenfest Group Llc
455482,ASML
455483,"Lifecare Holdings, Inc"
455486,"Hana Biosciences, Inc."
455487,Hatch Mott MacDonald
455492,Teradici Corporation
455494,Sierra Pacific Resources
455495,"Fusion Telecommuncations International, Inc."
455496,Altarum Company
455498,Hartco Income Fund
455499,Piggly Wiggly Carolina Company
455500,Maximizer Software Inc. (duplacate)
455502,"Berchwood Partners - NY "
455512,A&E Television Networks
455523,Battalia Winston International
455525,Books-A-Million
455549,Bricksmore Property Group
455550,GHG Corp
455551,Texas Video & Post
455552,MSC Distributing
455554,Talara Capital Management
455556,Atlanta Falcons
455558,BNIM Architects
455559,Export Oil Field Supply Co. International Co
455560,Precision Dynamics Corporation
455568,American Property Management Corporation
455569,"Atlantic American Capital Advisors, LLC"
455573,"WestAir "
455574,PCI Energy Services LLC
455576,"Hill Phoenix, Inc"
455577,Krauter Solutions
455578,Gabriel Resources Ltd.
455579,Savanna Energy Services
455600,Ford Motor Group
455601,Echostar Communications
455604,Metromedia Restaurant Group
455609,The Luxury Marketing Council
455622,Global Foundries
455623,Acumence Inc.
455626,BTS Asset Management
455628,Crescent Crown Distributing Company
455629,Carlen Realty
457282,Broadway Bank
457287,Berland Real Estate
457288,"Gordon, Feinblatt, Rothman, Hoffberger & Hollander, LLC"
457295,Bright-Side
457309,Alliance Bank of Arizona
457312,D E Shaw Valence Fund 2 Lp
457314,LivingSocial
457315,"Parking Management, Inc (PMI)"
457320,NuStar Energy
457329,Able Energy/Atlantis Petroleum
457330,C.R. Bard
457337,Dryvit Systems Inc
457338,A&W Revenue Royalties Income Fund
457349,Beber Silverstein Group
457350,University of Virginia - Anthony Travel USE Account 458827
457352,Research Triangle Ventures
457353,Garvey Schubert Barer - NY
457361,Shell Transport & Trading Co.
457381,Sundia Corp
457383,Bellwether Assoc
457386,"Audio Visual Innovations, Inc"
457387,Animal Health International
457388,The University of Texas at Austin
457390,TransAtlantic Petroleum Ltd.
457392,Clover Management
457395,The Investor Relations Company
457401,The Killen Group
457405,Agropur
457411,OnX Enterprise Solutions Inc.
457422,Balboa Water Group
457423,Scivantage
457425,Saint-Gobain Corporation
457426,Veolia Environmental Services North America Corp.
457427,Talbots Inc.
457429,HSBC Credit Card Services
457436,CSS Industries
457445,Hunter Wise International
457448,Kinetics
457449,Suniva Inc
457451,"Autobuilders General Contracting Services, Inc."
457456,AMEC Paragon Inc.
457460,Siegel Financial Group
457462,Attucks Assets Management
457466,The Beer Store  Draft Services
457467,Knowledge Foundation
457468,International Financial Data Services Ltd (Canada)
457470,Trilogy Global Advisors
457471,Drexel Hamilton
457472,"Major League Soccer, L.L.C."
457480,"American Alliance for Health, Physical Education, Recreation and"
457485,Robert Coletti
457489,Atlas Copco
457490,DentalOne Partners
457496,Hilton Worldwide
457516,Novogradac & Company
457519,Nestle Transportation Center
457522,Vibes Media
457531,"Photon Research Associates, Inc."
457532,StepStone Group
457533,"Briggs, Bunting & Dougherty, LLP"
457535,Elsevier/ Philadelphia
457536,Enterra Solutions
457538,Brown Brothers Harriman
457539,Cirrascale Corporation
457542,"Brayson Homes, LLC"
457543,Uroplasty Inc.
457546,Media Buying Services Inc.
457555,Louis Dreyfus Corporation
457567,Cooper Smith Agency
457569,"ACCENT Marketing Services, LLC"
457570,Nextpoint Therapeutics - MPM
457571,Catholic Health East
457590,Atlanta Equity Investors
457596,Los Angeles Kings
457597,Bally Shoes Italy
457599,SmithGroup
457600,Black & Veatch
457607,Puresyn
457611,5AM Ventures
457614,Midway Products Group Inc.
457621,West Penn Allegheny Health System
457623,Digital Monitoring Products
457629,"McDermott, Will & Emery"
457630,Chadbourne & Parke LLP
457636,"Semmes, Bowen & Semmes P.C."
457637,Augeo Affinity Marketing LLC
457641,"Best Buy Company, Inc."
457651,Morgan Keegan Healthcare
457656,Team Ten Llc
457665,"First Pacific Advisors, LLC"
457669,"Acsis, Inc."
457671,Healthcare Services Group
457685,Advance America Cash Advance
457689,Admiral Air Express Inc
457690,Mxenergy Inc.
457697,AL TAYER TRAVEL AGENCY
457711,Osborn Maledon PA
457723,"Berks Ridge Company Enterprises, Inc."
457730,Baltek Inc
457731,"Integrated BioPharma, Inc."
457735,Inovio Biomedical Corp.
457741,Massman Construction
457746,American Rice
457750,The Doneger Group
457770,Inktel Direct Miami
457772,Agiliance HQ
457774,American Global Logistics LLC
457776,Bristow Group Inc. - DO NOT USE
457777,The Greer Group Inc.
457782,"Allergan Aesthetics, Abbvie"
457785,Philadelphia Consolidated Holding Corp.
457794,Crow-Wright
457798,University of North Dakota
457810,Melita Travel Service Ltd.
457813,Bohler Engineering
457818,"Kemira Chemicals, Inc."
457840,"Storbeck/Pimentel & Associates, LLC"
457841,"Electromed, Inc - BizRide"
457843,FTEN
457852,Capital Pacific Holdings Inc.
459678,Canadian Western Bank
459684,Comcast Sports Group
459700,"LogistiCare, Inc"
459702,Akerman LLP - Houston
459704,Ropes & Gray LLP
459708,"Creative Realities, Inc"
459712,"Eramet Marietta, Inc."
459714,MicroMass Communications
459716,Pro Football Hall of Fame
459718,Sparton Medical
459720,PR Newswire Association LLC.
459721,Rand Capital Corporation
459727,American College of Radiology
459729,David's Bridal
459738,"Coats & Evans, P.C."
459740,River Associates
459747,BioVentures
459766,Avizent
459767,Amherst Pierpont Securities
459777,Pearson Longman Inc.
459778,MHWirth
459779,Traffiq
459782,Hult International Business School
459783,Operation Blessing International
459785,International Quality & Productivity Center
459789,Castle Brands
459790,"Niagara Bottling Company, LLC"
459793,Kanebridge Corp.
459795,Mid-America Real Estate Corporation
459796,Pro Unlimited
459797,AccentCare - BizRide
459798,The Cooper Institute
459806,American Nephrology Nurses' Association
459808,Cantaloupe/usa technologies
459811,Eimer Stahl Klevorn & Solberg LLP
459814,Destination Houston
459820,Sidley Austin LLP
459823,Global Home Loans & Finance
459828,Hilton Hotels - Capitol Hilton
459848,Arrowstream
459851,Dawson Companies Limited
459856,Worldwide Wine and Spirits
459857,VT Griffin Services
459863,Mortgage Investment Trust Corp.
459864,Alliant Credit Union
459866,Covalon Technologies Ltd.
459868,Cadogan Management
459871,Provisur Technologies - BizRide
459872,American Technology Corp.
459876,Drash Consulting Engineers
459880,"de La Garza Public Relations, Inc."
459881,"S.C. Johnson & Son, Inc."
459893,"Red Apple Group, Inc."
459898,"Auto Wax Co., Inc"
459907,"Rochdale Investment Management "
459911,Kleinfelder
459914,Westport Corporation
459917,Fulcrum Analytics Inc
459922,College Loan Corporation
459924,Callon Petroleum
459925,Dell Canada Inc.
459926,"Passlogix, Inc."
459927,"Polycom, Inc"
459928,Colt Energy Inc.
459929,Arrow Strategies L.L.C.
459932,Creo Inc.
459939,New York Times
459943,Ehrhardt Keefe Steiner & Hottman PC
459946,Alston & Bird LLP
459948,Embassy of the Republic of Lithuania
459951,Evergreen Oak Electric Supply Company
459957,Brookshire Suites
459961,Eversheds Sutherland - Lawyers Travel
459975,OpenView Venture Partners
459976,Norwood Medical
459980,APlus Conferencing
459981,Stress Engineering Services Inc.
459982,Glouston Capital Partners LLC
459987,Palm Pictures
459988,TM Capital - BizRide
459991,Captive-Aire Systems Inc.
459992,Progress Rail
459994,Eni Petroleum Co Inc
459995,"Lonza, Inc."
459997,"Implant Direct, LLC"
459998,Dunham
460005,BAE Systems - NOPE
460007,United States Department of Commerce
460008,Mercer University
460015,Perrier Group
460016,"University of California, Berkeley"
460019,Rutherford Chemical LLC
460042,The John Maxwell Co.
460049,LabAnswer
460052,"New Era Builders, Inc."
460054,Hatchett & Hauck llp
460060,Clarke & Associates
460061,Magma Design Automation
460063,System Development Integration
460066,Sun Entertainment Holding Company
460069,Advanced Internet (AIT)
460070,Endev Energy
460071,Wolters Kluwer
460073,Point-Of-Purchase Advertising International
460079,Trump Towers NY
460080,The Carlyle Group
460082,Oklahoma Heart Institute - BizRide
460090,Iron Mountain Inc.
460118,Quadrant Financial
460120,"UDR, Inc."
460122,not your daughters Jeans
460123,Great River Energy
460125,American Commerce Insurance Company
460129,5280 Solutions
460130,Eastern Industries
460132,Entercom Communications
460136,Tree Island Industries
460138,Accommodata Corp
460146,Cahill Gordon & Reindel LLP
460147,Duncan Interests
460157,NEXT Management - BizRide
460162,WANdisco
460179,AdventHealth Shawnee Mission
460181,Arnstein & Lehr LLP - Chicago
454345,Nanometrics
454346,"BDO USA, LLP/ Grand Rapids"
454350,Nordion
454356,Consolidated Edison Comm. Inc.
454373,Neonova Network Services
454376,NAI Brannen/Goddard LLC
454381,LaGROU Distribution Inc.
454383,Kansas City Electrical Supply
454384,Citigroup - Chicago
454387,Atterro (Pro Staff)
454389,FNB United Corp.
454393,"ICU Medical, Inc."
454394,Greeley and Hansen
454397,"ACA Capital Holdings, Inc."
454399,AdvizeX Technologies LLC - BizRide
454400,CropKing.com Inc.
454402,Federated Co-operatives Limited
454411,Texas Medical Center
454414,Wojno Development
454419,Libra Capital (The Libra Group)
454427,"Osborn & Barr Communications, Inc."
454438,Silver Young Capital
454441,Select Brands
454442,Salem Hospital
454444,Cystic Fibrosis Foundation
454445,Bayou Manor
454455,Winmill & Co. Incorporated
454456,Western Asset Management Company
454457,"Allegiant Travel Company, LLC"
454460,CDC Small Business Finance
454461,Oxford Development
454462,NetXentry LLC
454466,Kaye Sholer LLP
454470,Span-America Medical Systems Inc.
454478,"Locke, Liddell & Sapp, LLP"
454480,"Magnum Hunter Resources, Inc."
454486,The Kennedy Center
454505,Rabine Group Cos
454508,"Marketo, Inc."
454509,DIS Direct
454510,Jimlar Corporation
454512,The Duncan Group
454523,Lakeview Hotels
454524,Four Star Group
454525,Stockton Heat
454526,Westchester Assets
454527,Grossmont Hospital Corporation
454529,Alagem Capital
454531,Majestic Realty
454532,ProtoLabs
454534,semgroup
454541,"U.S. Meat Export Federation, Inc."
454554,INTTRA Worldwide
454555,Dorsey & Whitney LLP
460514,Paulson & Co.
460517,Haines & Associates
460518,Hinrichs Flanagan Financial
460535,McDonald Investment Company Inc.
460545,"Mullen & Filippi, LLP"
460546,IDC Architects
460553,Edward Hines Lumber Co.
460557,Rehrig Pacific Company
460558,Graham Holdings
460583,Purolite
460585,Colliers International
460590,Goza & Honnold LLC
460596,"Stabler Companies, Inc."
460598,Hitachi Global Storage Technologies
460603,TowerCo
460607,TDCI Inc.
460608,"Plastic Suppliers, Inc."
460611,Malcolm Pirnie
460614,Cascade Natural Gas Corporation
460615,IPS Services
460620,Gramor Development Northwest Inc
460621,Envoy Capital Group Inc.
460633,Burnham Brown
460643,Iams Company
460644,Giant Food Services
460664,Stella & Dot
460667,"Catamount Construction, Inc"
460669,Gensler - Houston
460670,William Blair London
460671,Mada Medical Products Inc.
460672,Advanced Materials Group Inc.
460673,Equifin Capital Partners
460674,Dare Foods Limited
460675,The National Bank of Indianapolis Corporation
460676,Vystar Corporation
460678,"UBS Securities "
460679,"Pepperl+Fuchs, Inc."
460681,White Spot Ltd.
460688,Public Broadcasting Service
460690,"Burke, Williams & Sorensen, LLP"
460696,BD Medical - Meeting/Event
460697,Georgia Dept of Defense
460698,"Excel Polymers Holdings, LLC"
460701,Perkins & Marie Callender's
460724,Direxion Daily Semiconductor Bull 3x Shares
460731,Electronic Arts - NYC
460734,Rembrandt
460735,Silgan Containers Corporation
460737,"Diamond Power International, Inc."
460738,"Randall Mortgage Services, Inc"
460739,Wyrick Robbins Yates & Ponton LLP
460741,MXV Capital
460742,"McGovern Capital, LLC"
460753,"Harold's Stores, Inc."
460757,"Unified Western Grocers, Inc."
460761,"Baker, Donelson, Bearman, Caldwell & Berkowitz, PC"
460764,HelmsBriscoe - Sacramento
460768,Amsoil Inc.
460771,General Electric Company -HQ
460773,LPGA Women Who Play
460778,Bonneville International Corporation
460779,The Brandman Agency
460784,Hogan & Hartson LLP
460797,Elika Associates
460799,"BackTrack, Inc."
460805,"Shore Health Systems, Inc."
460809,Toyota Carlsbad
460810,Modern Postcard
460812,"Krupp Kommunications, Inc."
460814,"Lipo Chemicals, Inc."
460816,AMG Resources Corporation
460183,Chesapeak Regional Medical Center
460185,Mas Software Solutions
460187,Sigmatron International
460194,Bridge Worldwide
460204,White and Williams LLP - Duplicate
460206,Team Inc.
460207,Proskauer Rose LLP
460222,Professional Service Industries Inc.
460228,MSNBC
460236,Enerpac
460238,Toshiba Business Solutions
460240,Amalgamated Bank Of Chicago
460242,The Falcon Group
460243,4access Communications
460245,Rockford Construction Co.
460246,Coats plc
460248,Rick Engineering Company
460251,Meriwether Partners LLC
460252,Canacol Energy
460253,Casden Company
460259,Investcorp
460261,Diversified Distribution Systems Inc
460263,Valor Communications Group
460267,Brighton Agency
460293,C-COR
460296,AAOS
460300,Hallmark Financial Services
460303,Crown Northcorp Inc
460306,"Endologix, Inc."
460307,USM
460308,Sommer & Maca Industries
460309,Zodiac Pool Systems Inc. - BizRide
460310,Crown Metal Packaging Canada LP
460311,DBG
460315,NRT
460316,Frost Ruttenberg & Rothblatt P.C.
460320,Club Car
460322,"Dominion Diagnostics  "
460333,Pentax Imaging Co
460335,Alleghany Corporation
460336,Teledyne Technologies Incorporated
460344,Griffith Foods
460366,Bluefish Design Studio
460372,GE Asset Management
460374,"Logility, Inc"
460385,Gala Films
460389,Computer Task Group (CTG) - BizRide
460391,"Deltek, Inc."
460396,Cygnal Technologies
460399,Cambridge Integrated Services
460403,Holland & Knight LLP
460404,Shearman & Sterling LLP
460406,Sonnenschein Nath & Rosenthal LLP
460409,Marsh & McLennan
460419,Dentsply Sirona
460431,Baker Street Advertising DUPLICATE
460432,"LMH Services, Inc."
460433,MFR PC
460434,Winergy Drive Systems Corporation
460435,Navigation Capital Partners
460437,Lucky Brand
460443,Graebel
460446,Southwestern College
460448,"Irving Levin Associates, Inc. "
460449,ISG - Information Services Group
460457,Graco Inc.
460459,H&M Hennes and Mauritz
460460,Russell Investments
460464,"Winegardner & Hammons, Inc."
460465,Dennis K. Burke Inc
460466,"Cherokee Trading Co, Inc"
460467,Trilegiant Corp.-DUP
460468,"Epstein, Becker & Green/Lawyers Travel"
460469,Midland Cogeneration Venture
460483,"Jaclyn, Inc."
460484,Gryphon Investors
460487,"Heidelberg USA, Inc."
460501,Enterprise Bank & Trust
460508,Fusion Communications
460510,Aspect Management Corporation
460512,Hudson Advisors
462924,Oregon Scientific Inc.
462925,Ruddick Corporation
462937,At Home in Memphis Magazine
462945,Dynamic Events (WI)
462946,Wohlfarth & Associates
462947,Vision Financial Markets
462951,Beaconcrest Capital Management
462953,Newmark Knight
462960,"CFS Bancorp, Inc."
462964,Student Loan Express
462967,Degnon Associates Inc
462973,Altium Capital Limited
462976,"Forecaster of Boston, Inc."
462977,Impact Venture Partners
462988,Enersource Corporation
462990,American College of Physicians
462995,Argentina Embassy
462999,"Cellular Genomics, Inc."
463002,Matrix Funds
463003,"Abrams Consulting Group, Inc."
463025,FS Investments
463027,Crystal Group Inc
463036,Document Solutions Group (DSG)
463037,Katz & Associates
463042,"American Medical Staffing, Inc."
463047,WinWholesale
463049,Fiduciary Trust Company International
463051,Spectera
463054,Do not use - Optum
463062,RIEMER REPORTING SERVICE
463064,Union Bank of California
463069,RJ Lee Group
463073,"Icelandic USA, Inc."
463077,Cincinnati Bengals
463094,Bank of Arizona
463100,SA International
463101,GATE Technologies
463102,Safe-Guard Products International
463106,Campus Habitat
463110,SouthStar Energy Services LLC
463112,"World Pac Paper, LLC"
463115,DataPositive
463116,Prospect Capital Corporation
463118,German Embassy
463122,The Rose Group
463123,"Predicate Logic, Inc."
463124,"Platinum Underwriters Holdings, Ltd"
463125,iCrossing
455631,LogFire
455633,DMC/Silicon Valley
455635,Futures Industry Association
455639,Country Kitchen International
455641,The Markle Foundation
455642,"Bay City Electric Works, Inc."
455647,Oracle Micros
455652,"Bruno Independent Living Aids, Inc"
455655,Beecher Carlson Holdings Inc
455657,Beusa Energy
455660,Design Optimization Technologies
455670,"Genesis Capital Management Group, Ltd."
455688,"Ghilotti Bros, Inc"
455689,Events Atlanta
455690,Goode Investment Managment
455693,Critchfield Insurance Agency
455694,"General Dynamics Information Technology, Inc."
455695,"Jordano's, Inc"
455709,Group 365
455711,"Secura "
455712,Tradebot Systems Inc.
455713,G.N. Johnston Equipment Company Ltd
455720,"Colonial Electric Supply Co., Inc."
461731,Aperio Group LLC
461732,"Katz Lawyers, PC"
461733,Rex Energy
461734,"Crown Point Equity "
461737,"EPI-USE America, Inc"
461738,Affinion Group
461741,Health Bi
461742,TRT Holdings
461743,Chilton Capital Managemet
461750,Mullen Group
461759,Grant Thornton - Raleigh
461760,"Adcom Communications, Inc"
461768,Central Business Jets
461793,"Ampio Pharmaceuticals "
461795,Inner Work Company Inc.
461796,Encyclopedia Britannica Inc.
461798,The National Realty Group Inc
461801,LGS Innovations
461803,Williams Lea Group
461804,"Baron Capital, Inc."
461809,"CAI Private Equity "
461810,Quarles & Brady
461811,Cumberland Private Wealth Management
461812,8D Technologies Inc.
461817,"Exponent, Inc"
461833,Florstar Sales Inc.
461843,Genesco Inc.
461855,The American Orthodontic Society
461860,Tory Burch
461862,Power Home Remodeling Group
461864,"Shearer's Foods, Inc."
461868,Gatemore Capital Management
461874,Axcan Pharm Inc.
461880,Automodular Corporation
461886,Keeneland Association Inc.
461887,Marsh & McLennan - Washington DC
461891,Rosen Seymour Shapss Martin & Co
461893,Carnegie Institution of Washington
461898,Wachovia Bank of Georgia
461901,Hartford Steam Boilder Inspection and Insurance
461905,Family Video
461918,"Mercer Belanger "
461921,Olympus Capital
461926,Holophane Corporation
461927,"Rauch Industries, Inc."
461929,"The Kenan Advantage Group, Inc."
461933,"Blacklidge Emulsions, Inc."
461936,Colbalt Boats
461937,Brackin & Sayers Associates
461942,ABBA Technologies
461947,"A-1 Technology, Inc."
461956,Berry Corporation
461975,"Kane, Russell, Coleman, & Logan, P.C."
461977,"Dominium Benefits, LLC"
461978,North American Managment
461979,Supreme
461981,American Medical & Life Ins Co
461989,"Care Capital, LLC"
461992,Nelson Mullins Riley & Scarborough
461994,Electronic Theatre Controls
461996,ZT Group International Inc.
462003,"Beyond Interactive, Inc."
462006,Rare Indigo Ventures Inc.
462010,i3 Innovus Research Inc.
462015,Early Stage Partners
462016,Baldwin Wallace College
462017,Barnes & Thornburg
462019,AmeriSpec Home Inspection
462020,Structural Engineering Associates
462025,Ametek Inc.
462026,University of Hartford
462031,Holland & Knight LLP
462034,VAN WYCK
462035,Petroleum Wholesale L P
462037,Topco Associates
462042,ROGUE WAVE SOFTWARE INC.
462043,St. Louis Blues
462052,Parsons (DUP)
462055,PCCW Limited
462057,Constant Contact   DUPLICATE
462065,Events Design International (DUP)
462066,*DNU*  Chicago Trading Company
462067,Vidaro Corporation
462069,"The GAB Robins Group of Companies "
462072,KMG Chemicals
462073,Marsh Hawk Capital Management
462079,Innovative Clinical Concepts
462080,Credit Acceptance Corporation
462083,KABC-AM
462084,"Journal Communications, Inc."
462087,Latham & Watkins LLP
462092,Ketchum Inc.
462096,ITT Inc.
462104,Travel Leaders-SEE COLE TRAVEL- No longer Travel Leaders.
462106,Pantry
462117,Phillips Partnership PC
462118,"Sovereign Consulting "
462119,"Heritage Capital Group, Inc."
462120,Manheim Kansas City
462121,Levinson Alcoser Associates Lp
458576,SBC Ameritech
458598,Riverside Partners
458602,V.A. Resources aka Granite Peak Development
458608,Rose-Hulman Institute of Technology
458609,Sapiens Americas
458610,"Pinnacle Petroleum, Inc."
458617,Harvest Partners
458618,"Marcal Paper Mills, Inc."
458620,Keepers Financial Corp
458622,Madison Capital Partners
458625,Sentinel Capital Partners
458626,"Universal Truckload Services, Inc."
458636,Synthes USA
458640,"First Banks, Inc"
458644,DC United Soccer Team
458650,"Wings Insurance Agency, Inc"
458665,Cobridge Communications
458667,John Ray & Associates
458671,"Anchor Manufacturing Group, Inc."
458672,Kirksey
458675,Stater Bros.
458678,"J Crew "
458679,Commissionaires Great Lakes
458686,Baker Capital
458695,Alerian
458697,The Derek Steele Co.
458698,Pillsbury Winthrop LLP
458708,Cognos Corporation
458714,Bradford Companies
458726,Diamond Vogel Paints
458730,Bank of the Ozarks
458737,Clean Energy Fuels
458738,JMW Consultants Inc
458740,"Carrix, Inc."
458743,"University Mechanical & Engineering Contractors, Inc."
458744,Charles River Laboratories
458748,Austin Powder Co.
458749,Bel Fuse
458750,Kerr Group
458751,Tobii DynaVox
458756,RSM McGladrey - BizRide
458757,Georgia Systems Operations Corp
458766,"Louisiana Pigment Co, LP"
458769,Lexicon Pharmaceuticals
458791,EXSIF Worldwide
458792,Houston Zoo Inc
458796,Cudd Well Control
458797,Elan Group Inc
458800,FBR Capital Markets
458806,Metavante Lending Solutions
458809,The Standard
458810,Gennum Corporation
458819,American Wind Energy Association
458824,Manuvend Inc.
458826,Witt/Kieffer
458829,Suzuki Motor Corp
458851,Quarles & Brady LLP - BizRide
458854,Kordsa Global
458855,ERT
458858,Kunooz Global Investments
458860,Corporate Interior System
458862,Brigade Capital Management
458864,Chip Ganassi Racing
458868,"Talon International, Inc."
458869,Orbit International Corp.
458873,Trex Enterprises Corporation
458877,Ulrich Chemical Corporation (Brenntag)
458878,Epic Data
458883,"Levy Harkins & Co., Inc."
458885,SAP America Inc.
458886,Fox Galvin
458889,The American Law Institute
458893,Silver Lake Partners - HQ
458896,"WSP Flack & Kurtz, Inc."
458899,Holiday Companies
458903,GCA Savvian
458905,"Wilsonart, LLC - BizRide"
458928,T.Y. Lin International
458929,Baha Industries Corp
458930,Brookwood Companies Inc.
458931,Buschman Corporation
458933,Chicago Deferred Exchange Company
458935,Intracorp
458951,"VTL Associates, LLC"
458952,"verus,"
458953,Fasken
458962,ElkCorp
458965,The WorldPaper
458970,"Medical Faculty Associates, Inc"
458976,"Hasbro, Inc."
458993,FiberLine
458994,"Erdman Holdgins Techline USA, LLC"
459001,Bank of the Ozarks Inc.
459003,Lee Hecht Harrison
459006,Colonial Bankshares
459008,Canadian Institute for Health Information
459011,Charles River Laboratories   (dup)
459012,Wheaton Precious Metals
459014,IAMGOLD Corporation
459016,BreconRidge
459032,"Greenfield Online, Inc."
459040,"Milestone Venture Partners, LLC"
459043,Rawlings Sporting Goods
459044,International Steel Group
459045,Emap Consumer Media
459046,aaiPharma Inc.
459065,Moody Bible Institute
459066,Parkson Corporation - BizRide
459067,SG Financial Advisors
459070,G-I Holdings Inc
459075,Hearst
459079,"Alban Tractor Co., Inc."
459080,Growth Capital Partners
459081,Maroon Biotech
459084,Brash Entertainment
459086,The Rothman Institute
459095,Triumph Structures -- Los Angeles
459102,CPAC (Care) Holdings
459106,Davidson & Derion Insurance Inc
459108,The Chubb Corporation
459115,"PowerSecure International, Inc."
459116,Ervin Industries
459118,"Empirix, Inc."
459124,Ring Can Corp
459130,QuikTrip - BizRide
459138,Outlook Ventures
459141,Diligence
459144,Modera Wealth Management
459146,Shell Global Solutions
459147,Alcatel-Lucent - Meetings
463127,Regus Business Centers-Chicago
463131,"Dimensional Fund Advisors, Inc"
463132,Schwebel Baking Co.
463135,Midtown Equities LLC
463136,"Salvi, Schostok & Pritchard P.C."
463141,The Hanke Group
463142,Schwarz
463159,Zelis Healthcare
463168,Global Event Solutions
463169,"Lee David Auerbach, P.C."
463171,"Pountney Consulting Group, Inc."
463176,Citibank Canada
463185,Brick Group Income Fund
463186,McAllister & Associates
463190,Stratus Building Solutions
463193,Work Life Balance
463196,Superior Plus Income Fund
463211,Kidder Mathews - HQ
463215,Union Bank & Trust
463216,Hamilton Sundstrand
463225,Central Travel
463235,GRIFFIN CORPORATION
463251,"Hellmuth, obata, & Kassabaum Inc"
463256,U.S. Oncology Holdings
463257,Petrus Brands
463263,"Express Med Pharmaceuticals, Inc."
463271,"Roc Apparel Group, LLC"
463273,University of Akron
463275,"Architectural Investments, Inc."
463276,Discover RE
463277,Finning International
463278,Donaldson & Co
463293,Canadian Solar
463297,PanAmSat Corp
463304,Genlyte Thomas Group
463305,"Arnold & Porter, LLP"
463306,AstraZeneca
463311,"Butler, Shine, Stern & Partners"
463315,Juniperus Capital Ltd
463316,Davis Miles PLLC
463317,Sierra Real Estate
463321,DNU SNC-Lavalin Engineers & Constructors Inc.
463325,Select Artists Associates
463333,Gibraltar Private Bank and Trust
463335,Loebl Schlossman & Hackl
463336,Susan Schwartzman Public Relations
463340,Ultramar Canada
463346,Choice Resources
463349,"Glimmerglass Opera, Inc."
463350,The Columbus Foundation
463357,The CapStreet Group
463361,United Medical Resources
463362,S & T Office Products Inc
463364,Continental Web Press
463367,Americas Styrenics
463375,Freeman Company
463376,Newfield Exploration Rocky Mountain Inc
463397,TRX Training
463400,Javitch Block & Rathbone LLC
463401,Opus Point Partners
463402,"Artemia Communications, Inc"
463403,Enphase Energy
463407,Raytheon Missile Systems -BizRide
463431,"Maritrans, Inc."
463439,"Hilb, Rogal & Hobbs Company"
463441,"DO NOT USE Averitt Express, Inc (1001523)"
463446,Compaq Computers
463453,"Bull & Bear Equity Income Fund, Inc"
463454,GWS Partners
463456,Breakaway Ventures
463466,"Corinthian Capital Group, LLC"
463469,Kontron America Inc
463470,Hulu
463471,"American Physicians Service Group, Inc"
463472,Citation Oil & Gas Corporation
463475,"Leaf & Cole, LLP"
463478,"Osler, Hoskin & Harcourt"
463479,"1-800 Contacts, Inc"
463480,Marshall Marketing & Communications Inc.
463485,RBC Capital Markets - Toronto
463495,Infor
463496,Dinsmore & Shohl LLP
463499,Domain Associates
463500,DRI Capital-Toronto
463501,Proskauer Rose LLP
463534,Henderson Engineers
463535,iMED Group LLC
463537,"Keen Footwear, Inc"
463539,"Market Source, Inc"
463541,Empire Equity Group Inc
463542,Eckenhoff Saunders Architects
463545,Envision Hospital Corporation
463548,J.C. Flowers & Co.
463550,Cleveland Golf
463551,Grande Cheese Company
463553,Thales North America
463555,Westdale Asset Management
463556,Pyramid Club
463557,Logican Technologies Inc.
463561,"Hanover Capital Mortgage Holdings, Inc."
463562,Palladium Equity Partners
463564,Select Leasing
463576,The Titan Corporation
463577,Harry and David
463578,Gen Digital
463580,Evergreen Packaging
463584,Uniloc USA
463585,Stein Fibers
463586,Cole Haan LLC
463588,CBRE-DC
463590,Holly Hunt Ltd.
463597,Marsh USA Inc
463605,Projects Unlimited (PUI)
463610,Belpointe
463614,Brookline Bancorp
463616,Travel Bound
463617,"Wolf, Block, Schorr and Solis-Cohen LLP"
463619,Dayton Superior Corporation
463624,Financial Horizons
463631,Gymboree
463639,"Hard Rock Cafe International, Inc."
463650,Cuna Mutual Group
463667,Wellsky
463668,Action Packaging
463669,Merchant's Gate Capital
463670,Intervolve Inc.
463673,Lux Research
462122,Foot Solutions Inc
462127,Wisdom Adhesives
462131,"Outsource Partners International, Inc."
462132,"Hanover College "
462136,University of British Columbia
462142,Polaroid Corporation (AM)
462143,Fifth Third Bank
462155,Janssen Pharmaceutical Inc.
462161,Orrick Herrington & Sutcliffe LLP
462162,Baker & McKenzie
462176,"Atlantic Tele-Network, Inc"
462179,Graphic Packaging international
462191,"Famous Distribution, Inc. (Famous Supply)"
462193,Girls Incorporated (Girls Inc. of Memphis)
462195,"Turning Technologies, LLC"
462197,GST-Global
462201,Sole Technology Inc.
462204,Michaels & May
462206,"Wacoal America, Inc."
462207,Interstate Electronics Corporation
462208,Triumph Structures -- Kansas City
462220,Canadian Aviation Electronics CAE
462221,Imperial Tobacco Canada
462223,Quantum Corp (Duplicate See Quantum Account)
462226,Bayview Asset Management
462228,Idaho State University
462229,Satterlee Stephens Burke & Burke LLP
462252,Request Model Management
462253,E-Storm International Corp
462261,University of Texas Anderson Cancer Center
462264,"K&G Men's Company, Inc"
462268,"Nielsen And Bainbridge, Llc"
462273,Arizona Beverages USA
462288,Enservio
462296,"Allied Motion Technologies, Inc."
462298,Federation of Societies for Coatings Technology
462301,Austin Calvert & Flavin Inc
462302,Womble Carlyle Sandridge & Rice PLLC
462305,Cottonwood Financial Ltd
462309,Polaris Venture Partners DUPLICATE
462313,Lily Transportation Corp
462315,Kanzer Associates Inc.
462318,Best Buy - Meetings & Events
462319,Heartland Partners L.P.
462340,YuMe
462344,Stephen Gould Corporation
462346,AND Corporation
462355,Irby Construction Company
462357,Envision Capital Management Inc.
462363,"Accel, Inc."
462364,Lockton Cos. Of Colorado Inc
462370,Source One Management Services
462373,Becker Burke Associates
462380,Authentix Inc
462385,"Perry Ellis International, Inc."
462386,ACUTA
462387,Foamex International Inc
462388,Perini Corp.
462393,Thoma Cressey Bravo
462395,"Quantum Foods, Inc."
462418,Endeavour Silver Corp
462419,Chicago Diabetes Project
462420,McGrath Rentcorp
462428,Measurement Inc.
462430,"C3 Capital, LLC"
462432,Care One Management
462437,Airadigm Communications
462440,KC Bell Inc.
462441,The Hill Companies
462445,Neil Dymott Attorneys
462446,TransForce Inc.
462447,Barron's
462449,RBC Royal Bank
462458,AMD - Advanced Micro Devices
462461,American Gastroenterological Association
462462,Huhtamaki
462467,"HCC Insurance Holdings, Inc."
462485,Jackson Lewis
462486,Sentinel Investments
462488,Tech Data Canada Corporation
462489,Sim Tex
462491,Catalyst Health Solutions
462492,New York City Investment Fund
462494,"Hay House, Inc."
462496,Arnel Inc.
462499,The Vertical Group
462502,Newmark Knight Frank
462504,Excel Industries Inc. Hustler Turf
462505,Physiotherapy Associates
462507,Enterprise Partners Venture Capital
462508,Fiesta Mart
462510,Insurance Corporation of British Columbia
462511,Coe & Van Loo Consultants Inc.
462517,"Aluminum Association, Incorporated"
462519,Arizona State University
462522,"Jerome Group, Inc"
462523,USB Financial Services
462531,C.G. & Company
462550,Wolverton & Associates
462555,Integrated Data Storage-IDS
462559,Thomson Reuters Scientific
462560,UniSource Energy Corporation
462563,EMI Music Canada
462569,Alliance Financing Group Inc.
462570,Swarthmore College
462571,Market Strategies International
462575,Pilot Financial Advisors
462579,J. Walter Thompson/Houston
462582,The Heat Group
462584,Murtha Cullina
462586,Information Builders
462590,Rubicon Medical
462591,The Toro Company
462599,Winston & Strawn LLP
462611,Wogam Management Intl
462612,Brown & James
462620,"Blytheco, LLC"
462623,WHI Real Estate Partners
462632,"Gen Cap America, Inc"
462634,Greenheck Fan Corporation
456732,Great Place Publishing
456736,Canadian Business Aviation Association
456744,Office Abroad
456745,Powers Brown Architecture
456749,Lakeshore Learning Materials
456751,"Jones, Foster, Johnston & Stubbs, P.A."
456762,Beverly Hills Properties
456765,Canadian REIT
456768,Bailey Capital Fund
456777,Cheniere Energy
456784,The University of Texas at Arlington
456785,Laerdal Medical Corporation
456786,Endeavor Agency
456788,ESPN - Bristol Location
456791,Compass Group North America
456806,Mazzetta Co. LLC
456809,The Brand Banking
456815,Complete Pharmacy Resources
456830,Trilogy
456839,Impreso Inc
456845,BFC Financial Corporation
456849,CBIZ Mergers & Acquisitions Group - BizRide
456853,Derrick Hahn Attorney
456857,"Lorentz Bruun Co., Inc."
456863,"Freight Handlers, Inc."
456894,Liberty Travel - Jackson Blvd
464150,Cadmus Communications Corp.
464156,"McCarter & English, LLP"
464160,"H.I.G. Capital, LLC. - San Francisco"
464162,Regeneron Pharmaceuticals
464163,Short Cressman & Burgess PLLC
464166,GFS Chemicals
464171,Grove International Partners
464197,Albe'a Group
464200,Globespan Capital Partners
464201,Community Resource Credit Union
464203,"Amron International, Inc."
464204,MHI Hospitality Corp
464206,"ComDoc, Inc."
464207,Brown and Caldwell
464209,CCR Technologies Ltd.
464210,Freedom Power
464211,"New York Mortgage Trust, Inc."
464214,Mac Tools
464215,"MP Holdings, Inc."
464219,Braman Management Association
464223,Information Resources Inc.
464226,HomeStreet Bank
464227,IntegraColor
464232,Information Data Management Inc.
464236,CenterPoint Properties Trust
464252,Collins May Potenza Baran & Gillespie
464253,ATEL Capital Group
464254,International NBA
464261,Nickelodeon Networks
464267,"Switch and Data Facilities Company, Inc."
464268,Conquest Communications Group
464270,Enzymatic Therapy
464271,Northbridge Financial Corporation
464288,Aries Capital
464289,Book Wholesalers Inc
464297,National Geographic Society
464310,Geovax Labs Inc - BizRide
464312,UF Proton Therapy Institute
464313,Water Island Capital
464314,Snyder's Lance
464316,Botswana Harvard Aid Institute
464317,MR International LLC
464318,HOK Inc
464320,Image Set Digital
464323,MWI Animal Health/Cencora
464326,Pilla Creative Group
464330,"SGT, Inc.-Stinger Ghaffarian Tech"
464331,Software Galaxy Systems
464334,Standard Mutual Insurance Company
464336,American Executive Centers
464337,Falon Point Aviation
464338,Cantel Medical Corp
464340,M.A.G. Capital
464345,Decoma International   ( see Magna)
464357,Biovail Contract Research - Toronto
464358,Pratt & Whitney
464368,Ferolie Group
464369,"Jos A Bank Clothiers, Inc"
464384,Morgan Joseph
464387,Cain Travel/ERM Inc.
464389,CoNCERT Pharmaceuticals
464393,"On Assignment, Inc."
464396,Arbor Partners
464409,Hager Companies
464416,University of Arizona  DO NOT USE
464421,Wilkinson Barker Knauer LLP
464423,QC Data Inc
464425,Epsilon
464426,Strategic Technologies Inc
464434,Staples
464435,24 Seven Inc.
464447,Duncan/Channon
464449,Sequent Software
464451,Centerfield Media
464452,Oklahoma Assoc of Optometric Physicians
464453,Commdex Consulting LLC
464454,"Troutman Sanders, LLP - New York"
464460,Pennsylvania Optometric Association
464464,"L&M Healthcare Communications/Upsher-Smith Laboratories, Inc"
464467,Philadelphia Museum of Art
464471,STRATTEC Security Coporation
464473,Millenium Properties
464475,AM Todd Group Inc
464485,Alamo Group
464486,Civil Engineering Consultants
464490,UNITED AMERICAN HEALTHCARE CORP
464508,Altier & Vogt LLC
464509,Generation Model Management
464510,Corestaff Services
464511,Penguin Computing
464512,Nuverra Environmental Solutions
464515,Gestore Servizi Energetci
464517,Embree Capital Markets Group
453033,Adecco Group - BizRide
453036,JM Huber Corporation
453038,Glanbia Nutritionals Inc.
453042,Midland Paper Company
453064,The O'gara Group
453065,Greene Resources Inc.
453073,Vista Auto
453074,Design Group Staffing
453079,Aspreva Pharmaceuticals
453090,"Cross Country Healthcare, Inc."
453091,American Society of Agronomy
453092,"DispenseSource, Inc."
453096,IMI Norgren Inc
453098,Lightfoot Franklin & White LLC
453100,Westran Services Corporation
453102,International Automotive Components Group (IAC)
453112,"B. Braun Medical, Inc"
453119,Rhythm Pharmaceuticals
453122,Facilitec Inc
453124,MonaVie
453125,Mediphase Venture Partners
453127,KeySource Medical
453128,PreferredOne
453129,Jacobs
453133,High Road Capital Partners
453137,Proteon Therapeutics
453139,"Ips-Integrated Project Services, Inc"
453143,MD Logstics
453153,CHRISTUS Health
453160,Turner Industries
453161,META Group
453164,"Brit Insurance "
453172,Grenada Embassy
453185,Hercules Technology Growth Capital
453186,Crowe Horwath
453189,Trinity Oaks of Pearland
453191,Zovio
453196,Kortec
453198,Richard L. Bowen
453204,"MusicNet, Inc."
453205,"The Cohen Group, LLC"
453206,Gyrus ACMI  Surgical Division
453207,CNA Canada
453208,Leinenkugel Brewing Company
453211,APM Model Management
453212,McCormick Taylor Inc.
453217,Consilium Partners
453225,Pharmion Corporation
453227,Seitel Incorporated
453228,Rhein Interests
453231,Jhpeigo
453237,Lynx Capital Ventures
453238,Arysta Lifescience North America - BizRide
453246,Zenith National Insurance
453247,Videojet Technologies Inc
453260,"Air Enterprises, LLC"
453264,Flagstaff Medical Center
453266,"MTS Medication Technologies, Inc."
453267,Erect-A-Tube
453270,Wave2wave Communications
453272,Wheatland Tube
453275,"Vancity "
453276,Logistec Corporation
453278,Ameriprise Financial
453281,Citizens Bancshares Corp
453286,Marcus Evans nLtd.
453290,Cole Raywid & Braverman LLP
453317,Global Medical Instrumentation
453322,Orion Health - Arizona
453326,"Coblentz, PAtch, Duffy & Bass LLP"
453331,"Redox Brands, Inc."
453332,Blaney McMurtry LLP
465328,"Admerasia, Inc."
465329,"AM&M Financial Services, Inc."
465333,Extensis
465337,SB Partners
465341,Canada Colors and Chemicals Limited
465347,Whitney Holding Corporation
465349,National Museum of the American Indian
465352,Hornbeck Offshore Services Inc.
465358,TIG GLobal
465359,Latham & Watkins LLP
465361,Sunoco Chemicals    dup
465367,Carlisle Industrial Brake & Friction
465379,Angiuli & Gentile LLP
465381,BFPE International
465383,Ag First Farm Credit Bank
465385,Ensz & Jester PC
465388,Eljac Inc
465389,Providence Health Services
465391,Cohen Brothers Realty Corporation
465392,"MS International, Inc."
465393,Press Ganey Associates
465394,McKool Smith
465396,PA League of Cities & Municipalities
465397,"ReSearch Pharmaceutical Services, Inc."
465399,"Greenfield Stein & Senior, LLP"
465400,Cognizant
465402,Dental Care Alliance
465403,Argosy Private Equity
465410,TransGlobe Energy Corporation
465411,Lanoga Corp
465417,ID Logistics
465419,ResearchPoint Global
465420,Ball Janik LLP
465421,Bowles Rice McDavid Graff & Love LLP
465422,"Electrical Apparatus Service Association, Inc."
465425,Orrick Herrington & Sutcliffe LLP - Lawyers Travel
465456,"VMware, Inc."
465459,American Spring Wire
465461,Advanced Portfolio Management
465468,"Axiom Capital Management, Inc."
465473,Marcus Evans
465474,Maria Carvainis Agency
465476,Harmelin Media
465479,Jarislowsky Fraser Limited
465482,Ceiba Technologies
465483,Intrepid Sea Air Space Museum
465486,"Oglethorpe University, Inc"
465487,TD Williamson
465494,"Remy International, Inc."
465504,Patton Boggs LLP
465510,Oil-Dri Corp. of America
465519,Evraz Inc.
465520,John Ronan Architects
465525,National Wildlife Federation
457854,Weight Watchers International
457856,3D Systems Corporation
457858,Centurion Clinical Research LLC
457861,Clearwater Seafoods LP
457874,Zynga
457876,Davis Wright Tremaine LLP - Lawyers Travel
457877,"DLZ National, Inc. SEE DLZ CORP"
457879,Rotary International
457885,Wells Lamont Corporation
457900,Electus
457903,Vertex Pharmaceuticals - Meetings
457904,Forethought Financial Group  
457908,Alsco
457911,BB&T
457912,Old Republic Insurance Company
457915,Interfor Pacific Inc.
457916,Lipman Hearne
457919,Sport Clips DUPLICATE
457920,Dairy Queen Canada
457927,The Agency Group Ltd.
457932,First Mutual Bank
457937,Tribeca Enterprises
457939,GfK US
457945,Ellerbe Becket
457959,Media Works
457964,Xerox Corporation
457972,TLC Vision Corporation (USA)
457975,Fameco Real Estate
457979,Mine Safety Appliance Co.
457986,"Ashlin Capital "
457987,Health Tronics Austin
457988,Tacala  LLC
457997,wdc
458018,SeaSpine
458023,Kilgore Industries
458026,CH2M HILL
458028,"Entergy Services, Nuclear, LLC"
458029,"American Agip Company, Inc."
458032,Slack and Company
458034,USP
458035,Kilmer Capital Partners Ltd.
458036,Courage Capital
458038,Owlstone
458039,"Kyocera Mita America, Inc. "
458053,Boulevard Brewing Co.
458056,"Akin Gump Strauss Hauer & Feld, LLP"
458058,US Sugar
458059,C.J. Vitner Co.
458060,XM Satellite
458082,Minco
458084,Merced Systems Inc
458085,Health Systems International
458089,ESD
458097,Fasken Martineau DuMoulin LLP (Vancouver)
458098,Aleutian Capital Partners
458099,"Material Technologies, Inc."
458106,Theratechnologies Inc.
458107,CiDRA Corporation
458114,Technic Inc
458115,Kansas City Chiefs (See Travel)
458117,Pilkington North America
458132,"Elco Management Company, LLC"
458133,W.S. Tyler
458134,ACIST Medical Systems
458135,Westview Capital Partners
458136,Macleod Dixon
458137,Marriott Hartford Downtown
458138,GDI
458143,Carrier Johnson
458147,PB Capital Corporation
458148,Quintessence Biosciences
458150,"UBICS, Inc."
458154,Mercer Human Resource Consulting
458155,N M Rothschild & Sons
458162,Pavarini Construction Co - BizRide
458164,Greater Bay Bancorp
458165,Barton Malow Co.
458167,"Abner, Herrman & Brock Asset Management"
466420,JJ CART
466426,"Fortinet, Inc."
466428,Lawson Products Inc.
466432,Keiser University
466443,Pentwater Capital Management
466448,Love Advertising Inc
466450,Association Connection
466453,"Alico, Inc."
466460,Sanford Burnham Medical Research Institute
466465,The Pew Charitable Trusts Dup
466467,Clarkson Construction
466470,"Anika Therapeutics, Inc."
466480,"Clean Earth Technologies, LLC"
466487,AECOM
466488,Morgan Lewis Counselors at Law
466495,Interstate Power Systems
466512,Ulysses Learning Inc
466519,Arizona Board of Regents
466520,Trend Offset Printing
466522,Comfort Systems USA
466523,IDP Management Association
466530,AO North America
466536,Fensterstock & Partners
466549,Makino
466572,New York Model Management
466576,Buckley King
466584,Black River Management Co (formerly Butler Cap)
466585,Kinzelman Art
466586,Dunning Golf
466588,FINRA
466589,Fox Packaging
466591,Central Talent Booking
466597,Cooper Electric Supply Company
466598,AeroMechanical Services Ltd.
466604,Carpenter Technology Corporation
466605,Bibb and Associates
466610,Ben & Jerry's Homemade Inc.
466611,Dekko Foundation
466621,"Ford Models, Inc."
466622,BiZBash Media
466629,Zoltek Inc
466643,Five9
466644,Napo Pharmaceuticals
466646,Brown & James
466647,Pathway Asset Mangement
466650,Eleven Inc
466654,Sobran Inc
466660,First Eagle Funds
466662,H.M. Royal
466665,"Clinton Group, Inc."
466670,Dresser-Rand Group Inc.
466680,Sara Lee Frozen Bakery
466681,Vogue Magazine/Conde' Nast
466682,Consilient Restaurants
466683,Genzyme Oncology
459148,Aerotek Inc.
459149,"Simon Greenstone Panatier Bartlett, PC"
459150,"Interfor, Inc"
459154,Hi-Shear Technology Corporation
459156,"ARB, Inc."
459157,Sigma Prime Ventures
459159,"Maxim Group, LLC"
459162,"Nestle Waters North America, Inc."
459163,"Fresh Mark, Inc."
459165,Ajinomoto
459168,"Professional Security Technologies LLC "
459169,Bank Financial
459171,OnePoint Patient Care
459172,"Luce, Forward, Hamilton & Scripps, LLP"
459176,Mound Cotton Wollan & Greengrass
459185,"Houlihan, Lokey, Howard & Zukin    HQ"
459192,ITX International Holdings
459194,Kellwood Company
459196,Weber Shandwick
459211,Lightbank  DUP
459213,Delta Dental of Arizona
459215,Corix
459223,Concordis Real Estate Advisors
459230,Intech Construction Inc.
459232,Lumber Liquidators Inc.
459239,Maple Leaf Sports and Entertainment Ltd.
459240,CIA Capital Management Ltd.
459243,"Abt Associates, Inc."
459257,Morrison & Foerster LLP - Sacramento
459263,Oxford Consulting
459265,Breslin Realty Development Corporation
459267,Agility Group
459268,Fina Companies
459269,Ceco Door Products
459270,Stark Carpet Corp.
459274,The Timken Company
459291,AeroSat Corp
459292,Active Assets Institutional Government
459294,"The Technology House, LTD"
459295,Goodwill Industries of Houston
459297,Ticona
459298,Linx Partners
459301,Crimson Hexagon
459305,Advance Global Communications
459306,Pulte Homes
459308,TresAmigas LLC
459309,"Barkley Seed, Inc."
459313,Dolomite Capital Management
459314,Services Group of America
459322,Events and Meeting Services
459324,"Kuehne & Nagel, Inc."
459325,Richards Industries Inc.
459326,Correvio Pharma Corp.
459353,Quinn Gillespie & Associates LLC
459359,Amkor Technology
459373,Build Group
459374,"SoloPower, Inc."
459375,Vantage Agora Inc.
459377,Ensemble Consortium
467583,AIC Limited
467585,Alliance Technology Venture
467586,Van Cleef & Arpels
467588,"Fulton Enterprises, Inc."
467593,Weston Solutions Holdings Inc.
467596,Fellowes Inc
467617,Santa Anita Park
467620,OraMetrix
467631,Pacific Building Group
467633,Resco Products
467634,High Industries
467635,William Steinen Manufacturing
467637,Mississippi Power Company
467638,Mercer Human Resource Consulting
467640,"Royale Energy, Inc."
467649,McKesson Corporation
467650,American Society of Civil Engineers
467657,"Decorize, Inc."
467658,D'Amato & Lynch
467669,Sightline Partners
467677,Chicago Bears
467689,HighGround Inc
467690,J.C. Ehrlich Co
467692,Mayfran International
467693,Birkshire Fund IV L.P.-DUPLICATE
467695,BP Solar
467698,Alsbridge
467699,Georgia Certified Development Corporation
467700,Thomas/Boyd Communications
467707,Gagen MacDonald
467713,ATS Andlauer
467721,Sarah Lawrence College
467738,RBC Wealth Management
467739,Mohave Valley Hospital and Medical Center
467740,MGM Holdings
467743,"Levcor, Inc."
467754,Park Avenue Travel
467755,"FENIX TEAM, INC."
467761,"Subaru of America, Inc."
467763,TW Metals
467769,Histogenics
467770,"Jet's America, Inc. "
467778,Theravance Inc.
467780,Capgemini
467783,Morgan Anderson Consulting
467788,Hain Celestial Group
467811,Aclara STAR Network
467812,Oatey Company
467813,ASW Global
467819,Enova Financial - BizRide
467820,Kinze Manufacturing
467827,Kennedy Krieger Institute Inc.
467836,Federal Home Loan Bank of New York
467839,Bailey Gardiner Inc.
467848,Sterling Trust
467850,Biotronik Inc.
467857,"Associated Locksmiths of America, Inc."
467862,Pixel Magic Imaging Inc
467863,"Bulbtronics, Inc."
467879,Infinite Campus
467880,Ls3p Associates LTD
467882,"MAC REALTY ADVISORS, LLC"
467884,AARP
467885,Gebhardt & Smith
467893,"Siepiela Interests, Inc."
467896,"Quality Products, Inc."
467898,Culver Franchising System
467899,Vantage Companies
467901,Francis financial services and woodberry financial
462635,JAH Meeting Planners International
462636,Supply Marketing
462641,Iberdrola
462646,College of Staten Island
462649,Gardner Lewis Asset Management
462661,Hillaero Modification Center
462678,Top Hat Monocle
462679,Benfield Electric Supply Co
462683,Fonterra USA
462692,"U.S. Realty Advisors, LLC"
462694,Pelmorex Media Inc.
462695,Coleman Swenson Booth
462697,"MasTec, Inc."
462699,Next Financial Group
462703,Goodwin Sports Management
462705,Aspen Insurance
462717,"Pappas Restaurants, Inc."
462722,Rambus
462736,Fulcrum Equity Partners
462740,Coller Capital
462745,Krasnow Saunders Cornblath LLP
462747,"Brencourt Advisors, LLC"
462748,Baymark Partners
462749,Jerry Leigh
462752,Al Paul Lefton Co.
462760,SPS Commerce Inc
462762,Fisk Corporation
462763,Hanover/Smith Limited Partnership  DUPLICATE
462771,Crocker Partners
462774,Pillsbury Winthrop LLP - Palo Alto
462784,Ingram Content Group
462785,"DeBartolo Holdings, LLC"
462792,Landauer Inc.
462805,Integrated Archive Systems
462810,Acorn Partners LP
462814,Faultless Starch
462815,Sutherland's Foodservice Inc.
462818,EarthLink
462819,"Masergy Communications, Inc"
462822,AMR Management Services
462824,"Yang Woo Chemical America, Inc."
462825,Columbus Nova
462827,SonicWALL Inc.
462830,American Electronic Assoc.
462836,"True2Form Collision Repair Centers, Inc."
462837,Druxy's Inc.
462850,Arc Surgical LLC
462869,Dinsmore & Shohl - Cincinnati
462874,Chevron USA
462892,Intercontinental Real Estate Corporation
462894,A Zegra's Sons Inc.
462895,In Touch Marketing Inc.
462898,Venture Construction Company
462899,Catapult International
462901,"RMB Capital Management "
462903,"Kee Action Sports, Llc"
462910,NorTerra Inc.
462911,Questex Media
462914,Jo Ann Stores
462920,Airgas Inc.
468767,American Standard
468770,Tech Data Corporation
468771,TECO Energy
468772,"Kforce, Inc"
468777,AKSM
468780,Modem Media Inc
468781,PECO Energy SEE Exelon
468782,Raytech Corp.
468786,Arch Capital Group
468792,Center for Association Growth
468796,Turkel
468799,Deloitte Consulting Pittsburgh
468801,"Cors & Bassett, LLC"
468804,Gates Industrial Corporation
468806,"The Society of Nuclear Medicine, Inc."
468807,Blackwell Sanders Peper Martin LLP
468808,East Stroudsburg University of Pennsylvania
468811,Xplor International-The Electronic Document Systems Association
468814,Biotechnology Industry Organization
468822,Society of Actuaries
468823,BancorpSouth Inc.-DUP
468824,"Laughlin, Falbo, Levy & Moresi LLP"
468829,United States Department of Transportation
468832,National Association of College Stores
468834,PrintImage International
468837,The Edna McConnell Clark Foundation
468841,American Association for Artificial Intelligence
468842,The Musical Arts Association/The Cleveland Orchestra
468843,"Dow, Lohnes & Albertson, PLLC"
468845,Lower Colorado River Authority
468847,Fox Rothschild LLP
468849,Avis Budget Group DUP
468851,CropLife America
468852,"Fragomen, Del Rey, Bernsen & Loewy, LLP - DNU"
468854,Mortgage Bankers Association
468859,Towers Watson
468860,Virginia Commonwealth University
468863,Black & Veatch
468866,"AORN, Association of periOperative Registered Nurses"
468867,"Greenbaum, Rowe, Smith, Ravin, Davis & Himmel LLP"
468873,American Society for Photogrammetry and Remote Sensing: The Imag
468879,Xavier University
468884,U.S. Travel Association
468888,Association of Equipment Manufacturers
468889,The Standard Register Company
468892,"Equitable Resources, Inc.   (voyager travel handels all travel)"
468893,Universal Corporation
468895,Franklin & Marshall College
468900,National Rural Utilities Cooperative Finance Association
468903,University of Georgia Board of Regents
468904,National Strength and Conditioning Association
468905,The Material Handling Industry of America
467904,Pedcor Companies
467913,Smiths Medical MD Inc
467914,"Avatar Records, Inc"
467916,Dollar Thrifty Automotive
467918,Posternak Blankstein & Lund LLP
467920,Vestas
467932,Geneva Capital Management
467938,"XTO Energy, Inc."
467946,Kansas City Mariott
467948,"Kravet & Vogel, LLP"
467949,Smk Electronics
467952,"University of California, Office of the President"
467953,RTI International
467954,The Journal Gazette
467957,W.E. O'Neil Construction Company
467961,"Edelson Technology Partners,"
467965,Swissray International
467967,Victaulic Co.
467972,"Cook Group, Inc."
467973,Universal Music Group Nashville
467974,Drinker Biddle & Reath LLP
467978,Actel Corporation
467979,Tabb Group
467980,Navis Logistics Network
467983,Echo Incorporated
467984,Korn Ferry International
467986,General Chemical Industrial Products
467989,Sonoco
468007,DMC Atlanta
468008,LPL Financial
468009,KLA-Tencor Corporation
468012,Solar Logix
468015,The Astra Group
468017,Tsoi Kobus & Associates
468018,"QEP Resources Inc.,"
468021,AxleTech International
468024,Arc'teryx Inc.
468025,3i Group plc
468035,Bank of China - New York
468037,Brightspark Capital
468038,Exchange Solutions
468045,Chapman University
468052,Axcelis Technologies
468054,Bingham McCutchen
468066,Waypoint Residential
468071,Pan-Am Equities
468072,Azavea
468074,"Inno-Pak Holding, Inc."
468076,Penn Millers Insurance Company
468078,Weston Capital Management
468079,Arr-Maz Products Inc
468082,Danis Building Construction Company
468085,"Richard Goettle, Inc."
468090,Beckett Media LLC
468092,Dalton Pharma Services
468099,"Goodman Manufacturing, Inc."
468102,"Charter Manufacturing Company, Inc."
468107,Milliken
468109,Merz Aesthetics
468117,Allied Signal Inc.
468123,Muirfield Capital Mgmt LLC
468128,Richard G. Fontana Law Office
468130,Pitney Bowes Inc.
468135,Bayshore Capital
468136,JL Squared Group LLC
468138,Seltzer Caplan McMahon Vitek
468141,Limbach
468145,HomeEquity Bank
468157,United States Department of Commerce
468165,Centurion Credit Management
468166,"Optio Software, Inc."
468175,RGS Energy Group
468182,Vernon Library Supplies dba Integrated Technology Group
468186,Bernhard Arnold & Company Inc
468189,"Butterball, LLC"
468192,Westar Capital LLC
468194,"Esmark   "
468196,OCS Group
468199,Geolo Capital
468203,North American Electric Reliability Council
468204,"SunCom Wireless Holdings, Inc."
468205,Sikich LLP
468206,The Allant Group Inc.
468208,"Quark, Inc"
468220,SodaStream USA
468224,Opportunity Finance Network
468226,"Willamette Valley Vineyards, Inc."
468231,Broadwing Inc.
468237,CARBON ENERGY CORP.
468244,Johns Hopkins University/CC
468252,Danella Companies Inc.
468254,DoNotUse/Praxair
468260,Shodeen Group
468268,Hart Group Inc.
468277,DWA Healthcare Communications Group
468288,Giant Industries Inc.
468294,"Coborn's, Inc"
468295,Gaiam Inc
468314,"The Dreyfus Corporation   see mellon bank "
468323,Igloo Products Corp.
468332,Stein Roe Investment Counsel
468394,Pitney Bowes
468398,Analog Devices
468414,Hachette Book Group
468418,"Buckman, Buckman & Reid"
468426,"Events Forum, Inc."
468436,BP America Inc
468437,"MedAire, Inc"
468452,Menards Inc.
468456,"EuclidSR Partners - Duplicate "
468458,Winston & Strawn LLP
468462,Merrill Corporation  (Duplicate)
468474,Arris
468475,"MTD Products, Inc."
468481,University of Virginia
468497,Tredegar Corporation
468509,ABB Inc.
468518,Gambro Inc.
468520,Century Casinos Inc
468521,Nanopierce Technologies Inc
468522,Istonish Inc
468525,ThinkEquity Partners - San Francisco
468526,ThinkEquity Partners - New York
468533,Wolters Kluwer Health
468539,Helms Briscoe - Cincinnati
468540,Orion Genomics
468544,Biogen Idec - DO NOT USE
468545,American Building Maintenance Co
468554,Craters & Freighters
460819,"Aerotek Scientific, LLC"
460820,"Casio, Inc."
460822,Radiological Society of North America
460823,"The Fresh Market, Inc."
460824,Saturn Wireless
460831,Federal Reserve Bank of Philadelphia
460839,Morrison & Foerster LLP
460840,Oakland Athletics
460850,Covington Associates LLC
460863,Discovia
460867,Robert W. Baird & Co. - BizRide
460868,Kenmare Management
460869,"Jeffery Shaw, Attorney at Law"
460870,Marsh Business Solutions
460878,Oriental Trading Company
460879,Valent BioSciences Corp
460883,Pfiedler Enterprises
460884,"Vision Investment Advisors, LLC"
460889,Incoda Corp.
460890,"Labor Ready, Inc."
460891,M/C/C
460893,Dreyfus
460896,Caruso
460901,Results Technologies
460907,EnTrust Capital Inc.
460910,TransCanada US Pipeline
460911,Executive Asset Management
460928,Horizon Holdings LLC
460929,Alberta Development Partners
460930,Highmount Capital
460931,Cementcorp W.L.L.
460932,Ambitech Engineering
460933,CRG Realty
460934,Snyder Kearney LLC
460938,Yodle
460939,Executive Hills Management Inc.
460945,Pinnacle Financial Strategies
460946,Qlik Technologies Inc.
460949,Thesis Fund Management LLC
460955,"Bush Industries, Inc."
460961,Markmonitor
460975,Universal Health Services
460976,Gen Re
460977,"Evolved Digital Solutions, Inc"
461012,"Trinity Green, LLC"
461016,AVG Advanced Technologies
461017,Telos Corporation
461023,Essex Woodlands Health Ventures
461029,American Hotel Register Company
461030,Redner's Markets Inc.
461031,Aultman Health Foundation
461038,DOWA International USA
461039,Davidson and Company
461049,"Hooper Holmes, Inc."
461052,Hudson Valley Bank
461056,Hot Topic
461059,"Whole Foods Market, Inc. HQ"
461071,JMA Consulting
461075,Stream Realty Partners
461077,"Bradshaw International, Inc."
461078,"Farmland Foods, Inc."
461081,Embassy of Saudi Arabia
461083,Wight & Company
461084,Weber Logistics
461085,"OPI Products, Inc./Coty Inc"
461088,Consumer Growth Partners
461089,Keeley Asset Management
461094,ECA International
461095,Venture Capital Fund of America
461098,Diversified Business Communications
461099,FirstEnergy Capital Corporation
461104,Geoinformatics Exploration Inc.
461110,Boardwalk Equities
461118,Batterymarch Financial Mgmt
461122,Allstream Limited
461126,"America Online, Inc."
461127,NovaStar Financial
461148,Graham & Dodd Fund LLC
461151,Netsmart Technologies
461152,Levenger Company
461153,Illinois Venture Captial Association
461160,"Streeter Printing, Inc."
461162,Edgar Law Firm
461164,Superior Construction Co
461166,Pekin Life Insurance Company
461167,Koos Manufacturing Inc.
461169,Interface Biologics Inc.
461171,"Gallagher Benefit Services, Inc"
461172,"Capitol Records, Inc."
461173,RCM Technologies
461183,Q.E.P Co. - BizRide
461185,Snyder Communications
461189,Thomson Reuters Corporation
461192,IHOP Corp.
461195,Reitler Kailas & Rosenblatt
461200,"Minerals Technologies, Inc."
461201,Met-Pro Corporation
461205,Nordstrom Incorporated
461227,Assured Guaranty Municipal
461228,Anderson Pacific Corporation
461235,Gallatin Capital
461236,Sun Life Financial
461237,Barnes & Noble College Booksellers
461240,IMG Models - BizRide
461245,CeloNova Biosciences
461246,VRX Worldwide
461248,Kinsella Group
461249,"VantagePoint Systems, Inc."
461251,Calian Technologies Ltd.
461253,Andrew Peller Limited
461260,Agnes Scott College
461267,SEPM Society for Sedimentary Geology - BizRide
461272,Dunn Solutions Group Inc
461273,Continental Packaging Solutions See Berlin Packaging
461279,DMC Global
461299,Rimini Street
461303,Nms Group Inc
461304,Marion Montgomery Inc
461305,The Waters Organization
461306,Syzygy Plasmonics
461309,Pennsylvania Lumbermens
461310,Technology Investment Capital Corp.
461312,Conestoga Wood Specialties Corp
468906,American Productivity & Quality Center
468911,"New York City Ballet, Inc."
468914,Pillsbury Winthrop LLP
468916,"The Society of the Plastics Industry, Inc."
468922,"California State University, Northridge"
468926,Marylhurst University
468931,International Housewares Association
468934,Editor & Publisher
468936,Florida
468939,"EMedia, The Digital Studio Magazine"
468945,National Association of School Psychologists
468947,"Gordon & Rees, LLP"
468949,Department of Health - Customer Service
468954,United States Department of Labor
468955,"Marriott International, Inc."
468957,National Association for Healthcare Quality
468958,The Pittsburgh Foundation    ( duplicate)
468963,Federal Reserve Bank of Dallas
468974,Metal Powder Industries Federation
468976,St. Bonaventure University
468978,WOAI-TV
468987,"Constangy, Brooks & Smith, LLP"
468990,High Museum of Art
468992,The Arizona Community Foundation
468994,University of St. Thomas
469002,DoNotuse/Wabtec Corporation
469007,Chas. Levy Circulating Company
469009,Lightspeed Venture Partners
469010,Titan Indemnity Company
469015,Cox & Perkins
469016,ATP Oil & Gas Corporation
469018,Woodcock Washburn
469020,SCA company
469021,"Imaging Diagnostic Systems, Inc."
469023,Anderson Marketing Group
469028,PharmaNet
469030,USA Basketball
469034,Bayer Healthcare Pharmaceuticals - Meetings Dept.
469035,Skanska
469036,Compcare Health Services Insurance Corporation
469037,PTC Alliance Corp.
469043,"Tekni-Plex, Inc."
469044,West Bend Mutual Insurance Company
469045,Cascade Corp.
469046,Quaker Chemical Corporation
469050,Holliday Fenoglio Fowler LLP
469053,New York Knicks
469055,Work Flow One
469056,Herb Pharm
469060,Roseburg Forest Products Co.
469062,M Financial Group
469063,Hoffman Construction
469073,The IMA Financial Group DUP
469074,Kansas Natural Gas
469076,Earp Distribution
469078,Allied Domecq PLC
469081,King Industries
469082,Alliance Franchise Brands
469084,Preface Systems Inc
469085,Actuant Corporation - BizRide
469086,American Crystal Sugar Company
469097,Bender/Helper Impact Inc.
469098,"MDI, Inc."
469102,Teamworx
469106,Ford Powell  & Carson
469107,American Transmission Co
469108,Raba-Kistner Consultants - San Antonio
469110,Hill & Knowlton
469117,Sol Schwartz & Associates
469119,Brehm Havel & Company
469120,PC Mailing Services
469121,"Daryl Flood Warehouse & Movers, Inc."
469122,"Intermountain Health Care, Inc."
469124,Moving solutions
469269,"Meetings in Medicine, Inc. - MIM"
469292,Much Shelist
469297,National Football League/NFL
469334,PGI
469347,PRICE WATERHOUSE
469378,Rodman & Renshaw Capital Group
469404,"UniPro Foodservice, Inc."
469408,URBAN RETAIL PROPERTIES C
469434,World Bank Group
469454,ABM Industries
469456,ADVO
469458,Chimerix
469463,INX Inc.
469469,Nacco Industries
469470,ATG Trust Company
469481,"Discount Drug Mart, Inc."
469483,Scott Technologies
469485,Sinclair Broadcast Group
469497,Axum Capital Partners
469500,"Wealth Enhancement Group, LLC"
469501,Choate Construction Company
469502,Clark Atlanta University
469503,"E. Sam Jones Distributor, Inc"
469504,"EIS, Inc"
469506,"Geosyntec Consultants, Inc"
469508,"Great Wraps, Inc"
469509,Vesta Inc
469511,"Van Winkle & Associates, Inc"
469512,"Vinings Marine Group, LLC"
469513,"Whitaker Oil Company, Inc"
469515,Briggs and Morgan
469516,Brookwood Communities
469517,CORE Realty
469519,Thornton Corporation
469520,MGS Mfg. Group Inc
469521,Smith Barney
469524,Texas Mexican Railway  SEE Kansas City Southern
469526,Burke & Herbert Bank & Trust Company
469527,"Galardi South Enterprises, Inc"
469528,Geo Strategy Partners
469529,Fidelity Bank
469530,"MorphoTrak, Inc."
469531,Golf & Tennis Pro Shop Inc
469533,Arlington Asset Investment Company
469534,D & F Partners
469541,Jet Lithocolor Inc.
466688,Crowley Maritime
466711,Your Source Financial
466715,Carolina Restaurant Group
466716,Matrix Resources Inc
466717,"Bowen, Hanes, and Co"
466718,"Agentek, Inc"
466724,Gianettino & Meredith Advertising
466731,Apple Bank for Savings
466736,"Dimeling, Schreiber & Park"
466739,Whitemyer Advertising
466740,Alpha Industries (Sigma Plastics Group)
466742,"Pegasus Consulting Group, Inc."
466743,TransCore Inc.
466752,Finacity Corporation
466758,Alonzo Bacarisse Irvine & Palmer (ABIP)
466762,"Fila USA, Inc"
466763,"TheraQuest Biosciences, LLC"
466773,Associates Corporation o North America
466775,Banfi Vintners
466779,Pubco Corporation
466793,NetShelter Technology Media
466794,HCP & Company Inc.
466795,"Nations Express, Inc"
466797,Autobase
466800,AIG - Meetings
466801,Conductor Inc
466803,Consolidated Services Group
466806,Arizona Cardinals
466807,"Voxware, Inc."
466810,"The Shamrock Companies, Inc."
466812,MedEdLink
466814,"REIT Funding, LLC"
466818,"Aptium Oncology, Inc"
466828,Integrated Circuit Systems Inc
466832,David M Schwarz Architect
466838,"SBLM Architects, P.C."
466842,Provident Financial Group Inc.
466861,Fit Models LLC
466864,"Law Office of Samuel K. Cullan, M.D., J.D. & Associates"
466866,HealthHelp LLC
466867,Pediatria Healthcare LLc
466870,Madix Inc
466873,MICROS-Retail
466874,Schottenstein Zox & Dunn
466875,Infinium Capital Management
466886,R.V. Anderson Associates Ltd
466887,Entegee Inc
466888,"Paris Accessories, Inc."
466889,WL Ross & Co. LLC
466890,"AllianceOne, Inc."
466894,Washington State University
466896,Michigan Sugar
466897,Toshiba America Incorporated
466909,The Morgan Library & Museum - BizRide
466916,Kawasaki Motors Corp
466917,"Siwel Consulting, Inc."
466944,"CenterWatch, Inc"
466947,Modeling Camp
466951,Manheim
466952,M3 Capital Partners
466953,RSC Holdings
466955,Mercer - Global Events
466957,Ernst & Young
466958,"Favrille, Inc."
466959,American Liver Foundation
466960,Kahiki Foods Inc.
466965,Canadian Commerical Corporation
466971,Fonar Corporation
466972,Adena Ventures
466973,The Richman Group of Companies
466974,ExL Pharma
466976,Orezone Resources Inc.
466979,Brodart Company
466988,Crestcom International
466991,McKesson/US Oncology
466994,NYSE Group
467016,Buckley Systems International
467018,Hillshire Brands
467021,CN Communications
467022,DataPipe
467023,Variable Annuity Life Insurance Company
467024,S.J. Amoroso Construction
467029,Insurance Federation of Pennsylvania
467036,ImageWare Systems
467040,U.S. Shipping Partners L.P.
467044,Post Oak Energy Capital
467048,Checksmart
467058,"GCA Services Group, Inc."
467081,Barclay Bank
467082,Colliers International
467085,MSS Technologies Inc
467086,All State Fastener Corporation
467094,Vigil Health Solutions Inc.
467099,Kaled Management Corp
467102,"Hygenic Corporation, The"
467103,Compugen Inc.
467104,Labrador Iron Ore
467110,Reuben H. Fleet Science Center
467112,Chicago Symphony Orchestra
467113,Airports Council International-North America
467124,Smyth Cos. Inc
467127,Allscripts Healthcare Solutions Inc.
467139,"NRG Energy, Inc"
467141,ELO Touch Solutions
467144,Stealth Components Inc
467147,Jim Click Automotive
467150,Nitel Inc. DUPLICATE
467153,"Seidel Weitz Garfinkle & Datz, LLC"
467156,Regency Lighting
467158,Big Dog Holdings
467159,A. Duie Pyle Companies
467160,Momenta Pharmaceuticals
467162,Advanced Vision Technology Inc
467177,The Kennedy Group
467184,Elements LLp
467197,Alpha Imaging Inc.
467201,JumpStart Ventures
467202,Reliant Energy Retail Holdings
467203,United Drug PLC
467205,Channing Capital
467208,Dynatrace
467210,Esterline Connection Technologies
467211,Ravenswood Capital
467216,BioConnect Systems
467218,Century II Holdings/ ICS Courier
467219,Merck - Global Procurement North America
464524,Oregon Health & Science University
464529,Essential Energy Services Ltd
464532,Pinnacle Realty Management Company
464533,L Capital Partners
464536,Doctor's Associates Inc
464537,"Chesapeake Bay Candle "
464539,Great Plains Exploration Inc.
464540,Designtex
464541,Power Financial Corporation
464547,Davis Graham & Stubbs LLP
464549,The Walz Group
464565,*DUP* SAP America
464574,Dorrier Underwood
464575,Xunlight Corporation
464578,Cleveland Heartlab LLC
464579,Adheris
464582,Covery's
464583,"Trader's Edge, Inc."
464586,Bank of Canada
464589,College of Physicians and Surgeons of Ontario
464591,ACS Dataline LP
464594,Safran USA
464600,Advantage Oil & Gas
464601,Finali Corporation
464608,American Express - Corporate Headquarters
464611,Keywell L.L.C.
464612,AllianceBernsteine L.P.
464614,"Churchill Downs, Inc."
464615,Time Warner Inc
464631,Texas American Title Co
464636,"Doyle, Restrepo, Harvin & Robbins, L.L.P."
464637,Associated Food Stores
464644,Anixter Inc.
464645,Climax Molybdenum Company
464646,GAI Consultants
464649,Shell Trading Corporation
464653,Yamana Gold
464662,University of North Texas
464669,SpencerStuart
464672,"Tax Executives Institute, Inc."
464673,University of Notre Dame/Football Department
464700,PDR
464705,MED-EL Corporation
464706,Bastian Solutions (BSM)
464708,"Andrew and Williamson Sales Co, Inc"
464715,TTI - Techtronic Industries
464718,Walker and Associates Inc.
464723,Microlite Corporation
464727,Adams Energy(DUPLICATE)
464728,A.D. Williams Engineering Inc.
464731,Nidec Corporation
464732,Corcentric
464733,IndyMac Bancorp Inc.
464739,"Piper Aircraft, Inc."
464740,United States Department of Transportation
464745,"Jones,Day Reavis & Pogue"
464755,"Fossil, Inc."
464756,Mayer Brown
464766,Nova Capital
464768,"Scientific Certification Systems "
464771,Exel / DHL Global Business Services
464772,Southtowne Motors Group
464773,Liberty Iron & Metal
464774,Pryor Cashman LLP
464780,Joyce Meyer Ministries
464785,Eat 'n Park
464787,ACP Marketing
464795,"Pharmaceutical Search Professionals, Inc."
464799,"Impac Mortgage Holdings, Inc."
464800,Greystar Resources Ltd.
464810,"Lester Schwab Katz & Dwyer, LLP"
464817,Creative & Response Research Services Inc
464837,W Hotel
464838,Archer Well - BizRide
464841,ICANN
464842,WIng Zone Franchise Corporation
464845,Parts Associates
464846,Crown Services
464847,The GMS Group
464849,Hunter Roberts Construction Group LLC
464852,Streambox Inc.
464854,"Directions in Research, Inc."
464857,Cal Dive International   DUPLICATE
464858,Zydus Pharmaceuticals USA Inc
464863,Giuliani Capital Advisors   (see Macquarie Group)
464866,Kinetic Capital Partners
464879,Americas Society Inc.
464881,American Psychological Association
464883,Pabst Brewing Company
464884,Dorsey & Whitney LLP
464886,UIL Holdngs Corporation-DUP
464894,Architectural Alliance
464895,"Motor Coach Industries International, Inc."
464913,Ambassador Publishing Co
464917,Deseo Events
464919,"Hickman, Williams & Company"
464920,S & B Engineers and Constructors - BizRide
464922,Helen Keller International
464928,Perceptive Software Inc. (SC Holdings)
464946,"Accessology, Inc."
464947,World Fuel Services Corporation
464965,Lewis Campbell
464966,IGD NYC
464967,Cregann-tactx Medical
464968,TITAN Technology Partners
464969,CSI Closures
464973,Century Pharmaceuticals
464974,"Mehler Engineered Products, Inc."
464975,Baker Sterchi Cowden & Rice LLC
464977,"Cathedral Healthcare System, Inc. "
464980,Angstrom Engineering
464983,SpectraGenetics
464988,"Endicott Interconnect Technologies, Inc."
464992,Luxottica USA
464994,Philadelphia Media Holdings
464999,SAP America - NY
465000,BDO Dunwoody LLP
465002,Hillerich & Bradsby
465003,Interceramic
465012,Network Affiliates Inc.
469548,"Beutel, Goodman and Company"
469550,DUPLICATE Clairvest Group Inc.
469552,Caledonia Mining Corporation
469555,Graham Corporation
469556,Management Dynamics Inc.
469559,WCA Waste Corporation
469560,Farouk Systems
469561,Superior Energy Services
469564,Matrix Partners
469571,Diodes Incorporated
469574,Democratic National Convention
469580,Apotex Pharmaceutical Holdings
469581,DSM
469588,BC Advantage Funds (VCC) Ltd.
469590,C.A. Bancorp Inc.
469591,CCFL Mezzanine Partners
469593,DAI Capital Advisors Inc.
469596,Navigating Energy
469598,"LEO Pharma "
469605,Altamar Travel Management
469607,"Solyndra, Inc."
469608,"Clearfield, Inc."
469609,TapouT
469612,ArcLight Capital - Boston
469615,Qumu
469617,Integrated Device Technology
469623,Victoria's Secret
469624,Ahold/Stop & Shop
469626,Seventh Generation
469631,Creation Casinos Inc.
469632,Wellington Financial LP
469634,SCP Private Equity Partners - PA
469635,Alimentation Couche-Tard
469636,Atlantis Systems Corporation
469637,Oncolytics Biotech Inc.
469638,Advocis
469641,PC Mall Inc.
469642,"Ready Pac Produce, Inc."
469647,Arato Entertainment & Events Inc.
469649,Prolog Ventures
469655,TRUMPF Inc.
469656,EBSCO Industries Inc.
469657,"Natrol , Inc"
469665,"Tiger Management, LLC"
469670,Genesis Park LP
469671,"Austin Capital Partners, Ltd."
469673,Glengary LLC
469674,"Senomyx, Inc."
469675,Inseego Corp.
469679,Simmons-Boardman Publishing
469681,Moss Supply Company
469686,Shell Canada
469688,"Harvard Bioscience, Inc."
469689,Halozyme Therapeutics
469691,Angionetics Inc.
469698,"Siemens Canada "
469699,Co-operators General Insurance Company
469700,Impulse Productions
469705,IA Group
469711,Booyah Networks
469715,New Plan Excel Realty Trust
469716,"Applied Extrusion Technologies, Inc  (AET)"
469718,Stone Travel Agency
469722,Jones Trading
469729,Endeavour Capital
469730,"Phillips and Jordan, Inc"
469731,The Broe Group
469732,AAC Group Holding Corp.
469734,Huron Consulting Group
469737,C.H. Guenther & Son LLC
469738,"Miller Curtis & Weisbrod, L.L.P."
469739,Enanta Pharmaceuticals
469740,The Slane Company
469741,AVEO Oncology
469744,Owen Media Partners
469752,American Society of Radiologic Technologists
469755,EDJ Associates
469757,"Doorways, Ltd."
469759,Residential Credit Solutions Inc.
469762,CGC Inc.
469763,International Tax and Investment Center
469776,Cambior Inc.
469785,First Citizens Bancorporation
469789,Major Drilling Group
469790,BDO Canada
469791,Black Press
469794,ACE INA Insurance
469807,Computer Sciences Corporation Canada
469810,Uline
469811,Ebc Inc.
469823,California Dairies Inc.
469833,"CWN Management, Inc."
469834,Raymond James Canada
469840,"DLC, Inc."
469841,"ImmunoGen, Inc."
469842,Impact Incentives & Meetings
469843,Cobra Products
469848,Peters Corporation
469849,Cheyenne Plains Gas Pipeline Company
469851,CVR Energy/CVR Refining
469852,Dii Asbestos Trust
469854,Miss Universe Organization
469856,American Equity Partners
469858,Exterran Energy Solutions
469859,Exxon Pipeline Holdings
469861,Garden Ridge Corporation
469862,"Quadriga Art, Inc."
469864,Fulton
469865,Bay 101
469868,SpecChem
469869,HTC America
469870,"Equinox Chemicals, LLC"
469876,Johnson Matthey
469878,Helm American Corporation
469879,"Powell Electronics, Inc"
469880,Pittsburgh Penguins
469881,Transat A.T.
469882,CHX Technologies Inc.
469883,Ernex
469885,1st Global
469889,Cambridge Antibody Technology
469892,The Resnick Druckman Group
469906,CBIZ
469907,Progress Investment
469912,Golden Eagle Insurance Corp.
469914,"Frozen Specialties, Inc."
469920,MJM Global
469921,W. Atlee Burpee & Co.
469925,Data I/O Corporation
469928,Glastic Corporation
469930,"Hood Companies, Inc."
469931,Apogee Photonics
469935,Tri-City Healthcare District
467220,Chicago Automobile Trade Association
467229,The University of Montana
467235,EHS Partners
467241,Avfuel Corporation
467242,Spencer Stuart - HQ
467244,New Jersey Resources Corporation (NJR Resources)
467266,Rock- Tenn (DuP)
467268,Carisam-Samuel Meisel Inc.
467273,The Louis Berger Group Inc.
467277,College of American Pathologists
467278,The Olde Farm
467280,Facet Biotech Corporation
467283,Pacific North West Capital Group
467284,"VentureLink LP "
467286,TargetRx
467287,Bell Microproducts
467288,PartnerRe Ltd
467295,International Franchise Association
467297,The Grocers Supply Company
467298,Gear For Sports
467305,Bravo Restaurants Inc
467306,Futaba Corporation Of America
467317,Air Routing
467329,Covenant Health
467344,Town & Country Insurance Agency
467345,Sims Metal Management
467348,The Firm Inc.
467350,Sims Metal Management
467352,DSM Dyneema
467359,"Formica, Inc"
467361,Event Architects
467365,DFDS Transport
467371,Dick Clark Productions
467372,E.B. Lane Advertising & Public Relations
467374,Hovde Financial Securities
467385,Haynsworth Baldwin Johnson & Greaves LLC
467386,Fios Inc.
467387,Foxwoods Resort Casino
467393,"Van Meter Industrial, Inc."
467394,Columbia State Bank / Columbia Banking System Inc
467395,Burlington Resources
467396,First Acceptance Corporation
467403,Anritsu Us Holding Inc
467407,Siemens AG
467420,Ellie Mae
467421,Fox Paine & Company LLC
467425,Kauffman Tire Inc
467426,"Pegasus Biologics, Inc."
467427,Carefusion
467438,Tunnell Consulting
467439,Phoenix Management
467445,"Nobel Learning Communities, Inc."
467447,Brookdale International Systems Inc.
467453,Frost Brokerage Services-duplicate
467454,Eagle Global Logistics
467460,Daugherty Business Solutions
467462,"Sammons Enterprises, Inc."
467490,Convey Compliance Systems
467491,Jernberg Industries
467492,The Windquest Group
467496,Rockpoint Group - Dallas
467497,Fund Evaluation Group
467501,"ePlus, Inc. - Bizride"
467505,Jackson Cross Partners
467507,Robert Morris University
467512,Risetime Inc.
467513,Asset Allocation & Management
467519,Apple Canada
467520,Spectrum Signal Processing
467526,Lancer Corporation
467531,Time Warner Telecom Inc
467533,"Avon Products, Inc."
467535,The Claro Group
467543,Aloe Up
467546,Plexus Corp.
467548,BPC Holding Corp.
467562,"Alternative Apparel, Inc"
467564,Arizona Bank & Trust
467565,Corvex Management LP
467567,Buyers Laboratory
467568,"Notations, Inc."
467574,Carousel Capital
467575,Newmark Grubb Knight Frank
467577,"Jeffrey M. Brown Associates, Inc."
467578,Comporium Communications
467579,Amphastar Pharmaceuticals Inc.
470920,Bennett International Group LLC
470922,EmployBridge Holding Inc
470924,Cives Corp
470925,Coyote Logistics
470926,Headworks Inc
470928,HD Supply Atlanta
470931,"PaxJets, LLC"
470932,NMB Technologies
470941,Roland Berger
470943,"Alliance Flooring, Inc."
470945,W Hotel
470946,W Hotel
470947,Arizona Daily Sun
470948,Fennemore Craig PC
470949,Arizona Republic
470954,Stallion Oil Services
470955,Defero
470961,Fisher - BizRide
470962,Esser Design
470967,Hogan Marren Ltd
470970,Block Real Estate
470972,Arizona Office Technologies
470973,ProCopy Office Solutions Inc
470980,Canon Business Solutions
470983,Hilltop Holdings
470984,Document Technologies - Tempe
470987,Interiors Solutions
470990,Glencore Xstrata International
470992,Cohesive Information Solutions
471001,Shafer Kline & Warren
471002,Basic American Foods
471003,Aptina LLC
471005,CIH
471006,Gore Creek Asset Management
471018,Woodcrest Capital
471019,Estopinal Group
471024,"Rackspace Hosting, Inc"
471035,Metro Media Marketing
471044,Chatham Capital Partners
471045,Orion Mortgage
471047,Lesesne Capital Management / Oakbridge
471049,Allstate Insurance Company  
469936,"FCI Constructors, Inc."
469939,"Bruce Power, Inc."
469944,RedSky Technologies Inc.
469947,AstenJohnson Inc.
469950,Microsemi
469951,"Warren, Averett, Kimbrough & Marino Ltd."
469952,Auto Meter Products Inc.
469953,Omni Cable Corporation
469954,Hirzel Canning Company
469960,Horne LLP
469962,The Tranzonic Companies
469964,Ganong Brothers Limited
469965,Preferred Hotel Group
469972,Kaiser Permanente
469974,Rubenstein Communications
469978,"Ken-Mac Metals, Inc."
469979,Libbey Inc.
469981,Flow International Corporation
469987,"Coral Graphics Services, Inc."
469989,Flushing Financial Corporation
469991,George P. Johnson
469999,Lang Manufacturing Company
470003,Vision Solutions
470005,The Lightstone Group LLC
470006,Astec Industries
470007,Bohemian Foundation
470010,ANADIGICS
470012,Ohio Valley Electric Corporation
470016,Fieldstone Communities Inc.
470021,"Couristan, Inc."
470030,Unison Administrative Services
470033,Mitsui Global Investment
470034,ExpressJet Airlines Inc
470035,OCA Ventures
470039,St. Francis Medical Technologies
470040,"Gruppo, Levey & Co."
470042,"HT Capital Advisors, LLC"
470043,Yard House Restaurants
470044,Millenium Pharmaceuticals
470045,Gerresheimer (Kimble) Glass
470046,The Brodsky Organization
470049,LauchCyte
470050,The Step2 Company
470051,Sandler Capital Management
470052,"Combe, Incorporated"
470060,McGregor BROS Holding Company
470061,Venture Investors
470066,"Sankyo Pharma/Edison, NJ"
470071,"Streamline Health Solutions, Inc."
470072,The Brown Publishing Company
470073,Decima Research
470074,Garnet Bio Therapeutics Inc
470075,"The Musser Group, LLC"
470080,"Caithness Energy, L.L.C."
470083,Reprise
470087,Pottery Barn (Tejada)
470089,Accurate Technologies
470091,"Venture Direct Worldwide, Inc"
470092,"M. Shanken Communications, Inc."
470093,Alexian Brothers Healthcare
470094,Illinois Mutual Life Insurance Company
470095,Pioneer Railcorp
470097,Viva International Group
470100,Marathon Asset Management - BizRide
470101,Bowne Financial Communications
470116,Procter & Gamble-Boston
470130,Euro RSCG-Chicago
470131,Florida Panthers Hockey Club
470133,BeneServ
470136,"Veramark Technologies, Inc."
470137,Clark Capital Management
470138,Seligsohn Soens Hess (SSH Real Estate)
470140,Schneider Capital Management
470142,Key Financial Inc.
470143,Monmouth Real Estate Investment Corp
470145,"The 6800 Capital Group "
470149,Harron Capital
470154,Diamond Capital management
470185,Fairmount Partners
470186,Morgan Stanley Investment
470188,Bollman Hat Company
470189,"Gilman + Ciocia, Inc."
470193,Hartz Corporation
470194,InterMetro Industries Corp
470196,Snyder's of Hanover
470204,The FeedRoom Inc.
470208,Mosley Music Group
470209,"Contract Associates, Inc."
470211,"John Hine Mazda, Inc."
470212,P. Agnes Inc.
470213,The Ohio Art Company
470216,"NexCen Brands, Inc."
470217,Prudential Fox & Roach Realtors
470223,Deloitte & Touche
470224,Associated Materials Incorporated
470227,Tracinda Corporation
470233,Wagner Oil Company
470234,Trex
470238,Gensler - NY
470239,"National Security Technologies, LLC"
470242,"Bailey, Galyen & Gold"
470243,Fahlgren Inc.
470244,MedRisk
470261,"Tremco Canada "
470262,True North Hockey Canada Inc.
470263,U.S. Financial Life Insurance Company
470264,Universal Music Canada
470267,Prestige Cosmetics Corporation
470269,"Beacon Electric Supply, Inc."
470273,Trillium Corporation
470274,Grossmont College
470275,"Allied Jet International, Inc."
470276,"All Star Glass, Inc."
470282,Wavelink Corporation
470283,Valleylab Inc
470288,International Imaging Materials
470289,United Refrigeration
470291,Gocial Gerstein
470292,Cascadia Capital LLC
470293,"Foundation Ventures, LLC"
470294,Blue Point Capital Partners
470295,US Securities & Exchange Commission
465526,Bomgar Corporation
465531,Fox Harbr
465540,Congoleum Corporation
465541,Curtis International Ltd.
465542,"First Atlantic Capital, Ltd"
465543,Insightful Corporation
465544,Bruml Capital Corporation
465548,CCN Matthews
465549,Ondine Biopharma Corporation
465553,The Carlton Group
465560,Corporate Express
465562,Jorden Burt LLP
465567,Columbus McKinnon Corporation
465577,Car Research Inc.
465581,EisnerAmper LLP
465582,Schindler Elevator Corporation
465590,"Bandag, Inc"
465603,U.S. Xpress Enterprises
465608,"Pacira Pharmaceuticals, Inc."
465611,Morehouse Communications
465614,"TR International Trading Company, Inc."
465616,Farm Journal Media
465618,The Health Alliance
465619,The Marvin Group
465621,KB Partners
465623,Southern Copper Corporation
465628,Atlanta Belting Co
465631,ICG Communications Inc
465632,Musselman Hotels
465653,Sullivan & Cromwell LLP
465680,Signus Medical
465685,Merion Publications
465686,Navigant Consulting
465690,AAI Corp
465693,Harris Beach PLLC
465695,DO NOT USE - Zeno Group
465699,Koppers Holdings Inc.
465703,RealMed
465704,ANTHONY J JANNETTI INC
465709,DMJ
465714,Oregon Steel Mills Inc.
465715,Kirkpatrick & Lockhart LLP
465716,Exterran
465718,Range Resources Corporation
465721,Pizzagalli Construction Company
465756,Caliber Capital Group LLC
465759,Chuhak & Tecson
465760,John I Haas
465761,"Precision Litho, Inc."
465764,Bridgeworks Capital
465767,"The Research Foundation for Mental Hygiene, Inc."
465770,eGistics
465771,MySpace.com
465772,"Hargray Communications, Inc."
465779,"Gavin & Gavin Advertising, Inc."
465786,TKC
465792,Lexxus International
465795,J Skilken & Company
465809,"Texas Commercial Resources,Inc."
465826,Boston Search Group
465828,Carlile Bancshares
465829,Mid Atlantic Capital
465834,CentralSquare Technologies
465839,Psomas - Carlsbad
465840,Updata Partners
465842,"News Communications, Inc."
465848,"Info Technologies, Inc."
465849,"Oberg Industries, Inc."
465850,Forest Research Institute
465851,NutriSystem
465858,Westwind Aviation
465866,Oceaneering International
465870,Jefferson Health
465871,"Brand Services, Inc"
465877,Bath Iron Works
465888,Harwood International
465890,Symetra Financial
465892,Hannaford Bros.
465903,The Beck Group
465904,Dymedix
465906,Tracer Corp
465907,Pro Systems
465908,Traffic Engineers Inc
465910,Alexander Group Inc.
465911,Ogletree Deakins
465916,Technology Advisors
465917,FX Solutions
465918,GVA Williams/ GlenStar Properties
465922,"Sophisticated Systems    "
465923,"Cryolife, Inc"
465924,Unico American Corporation
465927,Cleary Gull
465928,Clemson University
465933,Clarke Inc.
465935,Medical Ventures Corporation
465937,Siegfried Group LLP
465945,Staffmark
465948,Body Glove International
465952,Motif
465954,Dohmen
465955,PolySort
465968,Travel Destinations - TMAC/The Medical Affairs Company
465972,Republic Tobacco
465974,MBI Inc.
465977,"Vorys, Sater, Seymour and Pease LLP"
465978,National Material L.P.
465980,Penn Mutual Asset Management LLC
465981,"Windlass, LLC"
465983,Sperry Marine
465988,Jackson Hewitt Tax Service Inc.
465989,Magnetek
465995,Association of Legal Administrators - BizRide
465996,National Automatic Merchandising Association
465998,"Nautilus, Inc."
466002,Fulbright & Jaworski LLP
466034,Olshan Law
466038,Mozilla Corp.
466047,FCTG Holdings
466052,"MHT Partners, LP"
466053,Cobb Electric Membership Corp
466054,Stone Arch Capital - BizRide
466061,Swett & Crawford Group
466064,"Neenah Enterprises, Inc."
466065,Canaan Partners
466070,The Carlyle Group
466073,Pierpont
466076,Opexa
466077,ArrowMark Partners
466089,Value Plastics Inc
466100,Energy Ottawa
466103,HMN Architects
466107,Hitachi Consulting
466109,"PN Hoffman, Inc."
466110,It's My Affair
465014,"NatureWorks ,LLC"
465015,Seattle Mariners - BizRide
465045,Rea Contracting
465046,Sita
465047,BKV - SEE other acct
465058,"Nypro, Inc."
465059,The Carson Group
465060,"Cadwalader, Wickersham & Taft LLP"
465062,Bettcher Industries
465064,"CapEx, LP"
465071,American Capital
465083,Ropes & Gray LLP
465086,Atlanta Hawks
465103,California Eastern Laboratories
465107,Vendormate Inc.
465108,Pharmagistics
465109,"Twin City Foods, Incorporated"
465111,Grange Mutual Casualty Group
465115,J C Pace Limited
465116,Diversified Food and Seasoning
465122,Pilot Freight Services
465123,Focus Corporation
465131,Oppenheimer Wolff & Donnelly LLP
465133,OrePac
465134,"C. G. Schmidt, Inc."
465140,GFI Group
465142,"Driven Brands, Inc"
465145,Hunton Andrews Kurth LLP
465151,Venture Logistics
465162,American Media
465169,Omnimax International
465172,Lewis & Kappes PC
465175,R.K. Redding Construction Inc
465177,BBVA Compass
465179,Sherborne Investors Management LP
465180,"Commerce Energy Group, Inc."
465182,Mill-Max Mfg. Corp
465184,Wolfram Research Inc
465188,OKW Architects
465191,Bank of Hawaii
465197,Capitol Bancorp
465198,Active Travel
465206,Sony Pictures Entertainment
465207,"Ballard Spahr Andrews & Ingersoll, LLP"
465214,"Anderson Creager & Wittstruck "
465220,UTI Worldwide Inc.
465238,CAPEX
465240,KANA Software
465242,Crane ChemPharma
465246,Blackboard Inc
465248,ARUP
465249,Emerald Physicians
465254,Ken Slauf & Associates
465255,"National Oilwell Varco, Inc NOV"
465259,McGregor Industries Inc.
465261,"Heritage Golf Group, LLC"
465262,"Signet Armorlite, Inc."
465265,Golder Associates
465271,"Daou Systems, Inc."
465279,Long & Levit LLP
465280,Hampton Affiliates
465283,Interphase Corporation
465284,Aduromed
465315,Elite Models And Events
465317,Blue Chip Lots
465321,Cotton Incorporated
472607,Broadlane (Med Assets)
472616,"Harrison Interests, Inc."
472630,Rosenthal & Rosenthal
472631,Integris Health
472638,Paycom
472644,Arrow Electronics
472650,"Lincare Holdings, Inc."
472653,"Brandt Information Services, Inc"
472654,CompX International (do not use)
472655,Comstock Resources
472665,Symax Limited
472667,Bobby Bulger
472674,Embraer Aircraft Corporation
472681,University of Michigan
472685,UNIVERSITY OF MICHIGAN FOOTBALL
472688,"Royal Oak Enterprises, Inc."
472690,"Matt Stone, Inc."
472693,Baptist Healthcare Systems
472694,BioFlorida
472697,The Colmen Group
472701,IO Tech Inc.
472703,AGREE REALTY CORPORATION
472704,"AASTROM BIOSCIENCES, INC."
472705,Arquitectonica
472708,Gordon-Darby Inc.
472709,Vishay Intertechnology Inc.
472710,Electronic Boutique Holdings Corp
472713,The Greenbrier Companies
472714,Neurogen Corporation
472716,Amerigon Inc.
472717,Raytel Medical Corporation
472722,Talisman Capital
472725,Bound Tree Medical
472727,"1-800-Flowers.com, Inc"
472728,Aceto Corporation
472730,Marsh & McLennan Companies
472731,Alliance Entertainment Corporation
472732,Overbrook Entertainment LLC
472734,Pulaski Financial Corporation
472736,"Charles & Colvard, Ltd."
472743,"Gary, Williams, Parenti, Watson, & Gary - BizRide"
472749,Alliance Sports Group
472756,KeySpan Energy Corporation
472757,"Ultimate Software Group, Inc."
472763,Auto-Trol Technology
472770,Columbus Board of Realtors
472777,Arnet Pharmaceutical
472779,Stroock & Stroock & Lavan LLP
472780,Kellogg Company-HQ
472782,BBA Fiberweb
472783,Kronish Lieb
472784,Loeb & Loeb
472786,Sidley Austin
472789,Davis Tuttle Venture Partner - BizRide
472816,Legacy Health Systems
472819,Mannatt Phelps & Phillips LLP
472824,New Jersey Nets
472827,Systemation
472837,"Transtar Industries, Inc."
472842,"Deutsch, Kerrigan & Stiles   LLP"
472849,Patterson-UTI Energy
472851,ISG Cleveland Inc
472865,Cantol Limited
472866,QVC
472868,"Constantine Commercial, LLC"
471051,Family Office Exchange
471052,Titan Advisors LLC
471054,RBC Wealth Management - BizRide
471055,Regent Partners LLC
471057,Knowledge Advisors
471058,Rudman Capital
